,number,name,name_feeder_T,power_T,voltage_l,subscriber,Trs,fake_sect,sec_short
0,17,Щегловская,1А+Б,40000,6,"ОАО ""НПО""Сплав""",Т-1,1 СкШ 6 кВ ПС Щегловская,1 СкШ 6 кВ
1,17,Щегловская,2А+Б,40000,6,Ленинский РЭС,Т-1,1 СкШ 6 кВ ПС Щегловская,1 СкШ 6 кВ
2,17,Щегловская,6А+Б,40000,6,"ОАО ""НПО""Сплав""",Т-1,1 СкШ 6 кВ ПС Щегловская,1 СкШ 6 кВ
3,17,Щегловская,8А+Б,40000,6,АО Тул. гор. электр. сети,Т-1,1 СкШ 6 кВ ПС Щегловская,1 СкШ 6 кВ
4,17,Щегловская,9А+Б,40000,6,"АО ""Щегловский вал""",Т-1,1 СкШ 6 кВ ПС Щегловская,1 СкШ 6 кВ
5,17,Щегловская,12А+Б,40000,6,ОАО Комбайнмашстрой,Т-1,1 СкШ 6 кВ ПС Щегловская,1 СкШ 6 кВ
6,17,Щегловская,15А+Б,40000,6,"АО "" КБП""",Т-1,1 СкШ 6 кВ ПС Щегловская,1 СкШ 6 кВ
7,17,Щегловская,Росинкас,40000,6,Ленинский РЭС,Т-1,1 СкШ 6 кВ ПС Щегловская,1 СкШ 6 кВ
8,17,Щегловская,31,40000,6,Ленинский РЭС,Т-1,1 СкШ 6 кВ ПС Щегловская,1 СкШ 6 кВ
9,17,Щегловская,33,40000,6,АО Тул. гор. электр. сети,Т-1,1 СкШ 6 кВ ПС Щегловская,1 СкШ 6 кВ
10,17,Щегловская,35 (откл),40000,6,,Т-1,1 СкШ 6 кВ ПС Щегловская,1 СкШ 6 кВ
11,17,Щегловская,"0,кабель А",40000,6,ОАО Комбайнмашстрой,Т-2,2 СкШ 6 кВ ПС Щегловская,2 СкШ 6 кВ
12,17,Щегловская,"0 ,кабель Б",40000,6,ООО Политэк Пайп,Т-2,2 СкШ 6 кВ ПС Щегловская,2 СкШ 6 кВ
13,17,Щегловская,3А+Б,40000,6,МКП Тулгорэлектротранс,Т-2,2 СкШ 6 кВ ПС Щегловская,2 СкШ 6 кВ
14,17,Щегловская,4А+Б,40000,6,Ленинский РЭС,Т-2,2 СкШ 6 кВ ПС Щегловская,2 СкШ 6 кВ
15,17,Щегловская,5А+Б,40000,6,"ОАО ""НПО""Сплав""",Т-2,2 СкШ 6 кВ ПС Щегловская,2 СкШ 6 кВ
16,17,Щегловская,7А+Б,40000,6,"АО "" КБП""",Т-2,2 СкШ 6 кВ ПС Щегловская,2 СкШ 6 кВ
17,17,Щегловская,,40000,6,,Т-2,2 СкШ 6 кВ ПС Щегловская,2 СкШ 6 кВ
18,17,Щегловская,10А+Б,40000,6,АО Тул. гор. электр. сети,Т-2,2 СкШ 6 кВ ПС Щегловская,2 СкШ 6 кВ
19,17,Щегловская,11А+Б,40000,6,АО Щегловский вал,Т-2,2 СкШ 6 кВ ПС Щегловская,2 СкШ 6 кВ
20,17,Щегловская, 13 А+Б,40000,6,"ТПП ОАО ""НПО ""Базальт""",Т-2,2 СкШ 6 кВ ПС Щегловская,2 СкШ 6 кВ
21,17,Щегловская,14А+Б,40000,6,"ОАО ""НПО""Сплав""",Т-2,2 СкШ 6 кВ ПС Щегловская,2 СкШ 6 кВ
22,17,Щегловская,26А+Б,40000,6,АО Тул. гор. электр. сети,Т-2,2 СкШ 6 кВ ПС Щегловская,2 СкШ 6 кВ
23,17,Щегловская,30,40000,6,Ленинский РЭС,Т-2,2 СкШ 6 кВ ПС Щегловская,2 СкШ 6 кВ
24,17,Щегловская,32,40000,6,ООО Политэк Пайп,Т-2,2 СкШ 6 кВ ПС Щегловская,2 СкШ 6 кВ
25,20,Барсуки,Асфальтовый з-д 1,25000,6,"ООО ""Техпрогресс плюс""",Т-1,1 СкШ 6 кВ ПС Барсуки,1 СкШ 6 кВ
26,20,Барсуки,БРУ-1,25000,6,"ООО ""Солерс""",Т-1,1 СкШ 6 кВ ПС Барсуки,1 СкШ 6 кВ
27,20,Барсуки,Известковый завод 2,25000,6,АО Технопарк,Т-1,1 СкШ 6 кВ ПС Барсуки,1 СкШ 6 кВ
28,20,Барсуки,Известковый з-д 3 (откл.),25000,6,АО Технопарк,Т-1,1 СкШ 6 кВ ПС Барсуки,1 СкШ 6 кВ
29,20,Барсуки,Плеханово,25000,6,ТДЭ МЖД (Тульская дистанция электроснабжения Московской железной дороги),Т-1,1 СкШ 6 кВ ПС Барсуки,1 СкШ 6 кВ
30,20,Барсуки,Сельэлектро 1,25000,6,Ленинский РЭС,Т-1,1 СкШ 6 кВ ПС Барсуки,1 СкШ 6 кВ
31,20,Барсуки,Сельэлектро 3,25000,6,Ленинский РЭС,Т-1,1 СкШ 6 кВ ПС Барсуки,1 СкШ 6 кВ
32,20,Барсуки,Асфальтовый завод 2,25000,6,"ООО ""Техпрогресс Т""",Т-2,2 СкШ 6 кВ ПС Барсуки,2 СкШ 6 кВ
33,20,Барсуки,Известковый з-д 1,25000,6,ООО Ингрид,Т-2,2 СкШ 6 кВ ПС Барсуки,2 СкШ 6 кВ
34,20,Барсуки,БРУ-2,25000,6,"ООО ""Солерс""",Т-2,2 СкШ 6 кВ ПС Барсуки,2 СкШ 6 кВ
35,20,Барсуки,Железнодорожный,25000,6,ТДЭ МЖД (Тульская дистанция электроснабжения Московской железной дороги),Т-2,2 СкШ 6 кВ ПС Барсуки,2 СкШ 6 кВ
36,20,Барсуки,Сельэлектро 2,25000,6,Ленинский РЭС,Т-2,2 СкШ 6 кВ ПС Барсуки,2 СкШ 6 кВ
37,20,Барсуки,Каньшинский карьер,25000,6,Ленинский РЭС,Т-2,2 СкШ 6 кВ ПС Барсуки,2 СкШ 6 кВ
38,20,Барсуки,Айсберг,25000,6,ООО МЭП,Т-2,2 СкШ 6 кВ ПС Барсуки,2 СкШ 6 кВ
39,21,Подземгаз,4,16000,6,АО Тул. гор. электр. сети,Т-1,1 СкШ 6 кВ ПС Подземгаз,1 СкШ 6 кВ
40,21,Подземгаз,5,16000,6,АО Газстройдеталь,Т-1,1 СкШ 6 кВ ПС Подземгаз,1 СкШ 6 кВ
41,21,Подземгаз,7,16000,6,ОАО Тул. кирпичный завод,Т-1,1 СкШ 6 кВ ПС Подземгаз,1 СкШ 6 кВ
42,21,Подземгаз,8,16000,6,МКП Тулгорэлектротранс,Т-1,1 СкШ 6 кВ ПС Подземгаз,1 СкШ 6 кВ
43,21,Подземгаз,9,16000,6,АО Газстройдеталь,Т-1,1 СкШ 6 кВ ПС Подземгаз,1 СкШ 6 кВ
44,21,Подземгаз,10,16000,6,АО Тул. гор. электр. сети,Т-1,1 СкШ 6 кВ ПС Подземгаз,1 СкШ 6 кВ
45,21,Подземгаз,15 ,16000,6,ОАО ТНИТИ,Т-1,1 СкШ 6 кВ ПС Подземгаз,1 СкШ 6 кВ
46,21,Подземгаз,17,16000,6,АО Тул. гор. электр. сети,Т-1,1 СкШ 6 кВ ПС Подземгаз,1 СкШ 6 кВ
47,21,Подземгаз,ТСН ПРП (откл.),16000,6,,Т-1,1 СкШ 6 кВ ПС Подземгаз,1 СкШ 6 кВ
48,21,Подземгаз,19,16000,6,АО Тул. гор. электр. сети,Т-1,1 СкШ 6 кВ ПС Подземгаз,1 СкШ 6 кВ
49,21,Подземгаз,21,16000,6,ОАО Тулаточмаш,Т-1,1 СкШ 6 кВ ПС Подземгаз,1 СкШ 6 кВ
50,21,Подземгаз,23,16000,6,ООО Сибирь,Т-1,1 СкШ 6 кВ ПС Подземгаз,1 СкШ 6 кВ
51,21,Подземгаз,25,16000,6,ООО Сибирь,Т-1,1 СкШ 6 кВ ПС Подземгаз,1 СкШ 6 кВ
52,21,Подземгаз,27 (откл.),16000,6,ПСК Содружество,Т-1,1 СкШ 6 кВ ПС Подземгаз,1 СкШ 6 кВ
53,21,Подземгаз,29,16000,6,АО Тул.гор.электр.сети,Т-1,1 СкШ 6 кВ ПС Подземгаз,1 СкШ 6 кВ
54,21,Подземгаз,33,16000,6,"Филиал РТРС ""Тульский ОРТПЦ""",Т-1,1 СкШ 6 кВ ПС Подземгаз,1 СкШ 6 кВ
55,21,Подземгаз,Волохово,16000,6,Ленинский РЭС,Т-1,1 СкШ 6 кВ ПС Подземгаз,1 СкШ 6 кВ
56,21,Подземгаз,2,16000,6,АО Газстройдеталь,Т-2,2 СкШ 6 кВ ПС Подземгаз,2 СкШ 6 кВ
57,21,Подземгаз,3,16000,6,АО Тул. гор. электр. сети,Т-2,2 СкШ 6 кВ ПС Подземгаз,2 СкШ 6 кВ
58,21,Подземгаз,6 (откл.),16000,6,ОАО Тулэнергосетьремонт,Т-2,2 СкШ 6 кВ ПС Подземгаз,2 СкШ 6 кВ
59,21,Подземгаз,11 (откл.),16000,6,ЗАО Тульский завод РТИ,Т-2,2 СкШ 6 кВ ПС Подземгаз,2 СкШ 6 кВ
60,21,Подземгаз,12,16000,6,АО Тул. гор. электр. сети,Т-2,2 СкШ 6 кВ ПС Подземгаз,2 СкШ 6 кВ
61,21,Подземгаз,13,16000,6,OOO КС Энерго,Т-2,2 СкШ 6 кВ ПС Подземгаз,2 СкШ 6 кВ
62,21,Подземгаз,14,16000,6,АО Тул. гор. электр. сети,Т-2,2 СкШ 6 кВ ПС Подземгаз,2 СкШ 6 кВ
63,21,Подземгаз,16,16000,6,ОАО Тулаточмаш,Т-2,2 СкШ 6 кВ ПС Подземгаз,2 СкШ 6 кВ
64,21,Подземгаз,18,16000,6,"ОАО ""НПО""Сплав""",Т-2,2 СкШ 6 кВ ПС Подземгаз,2 СкШ 6 кВ
65,21,Подземгаз,20,16000,6,АО Тул. гор. электр. сети,Т-2,2 СкШ 6 кВ ПС Подземгаз,2 СкШ 6 кВ
66,21,Подземгаз,22,16000,6,МКП Тулгорэлектротранс,Т-2,2 СкШ 6 кВ ПС Подземгаз,2 СкШ 6 кВ
67,21,Подземгаз,24,16000,6,ОАО ТНИТИ,Т-2,2 СкШ 6 кВ ПС Подземгаз,2 СкШ 6 кВ
68,21,Подземгаз,26 (откл.),16000,6,ПСК Содружество,Т-2,2 СкШ 6 кВ ПС Подземгаз,2 СкШ 6 кВ
69,21,Подземгаз,28 (откл.),16000,6,,Т-2,2 СкШ 6 кВ ПС Подземгаз,2 СкШ 6 кВ
70,21,Подземгаз,30,16000,6,"Филиал РТРС ""Тульский ОРТПЦ""",Т-2,2 СкШ 6 кВ ПС Подземгаз,2 СкШ 6 кВ
71,24,Рудаково,Мастерские-2,25000,6,ОАО Скуратовский опытно-экспериментальный завод,Т-1,1 СкШ 6 кВ ПС Рудаково,1 СкШ 6 кВ
72,24,Рудаково,Петелино,25000,6,Ленинский РЭС,Т-1,1 СкШ 6 кВ ПС Рудаково,1 СкШ 6 кВ
73,24,Рудаково,4,25000,6,АО Тул. гор. электр. сети,Т-1,1 СкШ 6 кВ ПС Рудаково,1 СкШ 6 кВ
74,24,Рудаково,21 (откл.),25000,6,ООО Аверс-Оптимум,Т-1,1 СкШ 6 кВ ПС Рудаково,1 СкШ 6 кВ
75,24,Рудаково,23,25000,6,Ленинский РЭС,Т-1,1 СкШ 6 кВ ПС Рудаково,1 СкШ 6 кВ
76,24,Рудаково,25,25000,6,ООО Влада,Т-1,1 СкШ 6 кВ ПС Рудаково,1 СкШ 6 кВ
77,24,Рудаково,27,25000,6,АО Тул. гор. электр. сети,Т-1,1 СкШ 6 кВ ПС Рудаково,1 СкШ 6 кВ
78,24,Рудаково,29,25000,6,АО Тул. гор. электр. сети,Т-1,1 СкШ 6 кВ ПС Рудаково,1 СкШ 6 кВ
79,24,Рудаково,31,25000,6,ФКУ-ИК 7,Т-1,1 СкШ 6 кВ ПС Рудаково,1 СкШ 6 кВ
80,24,Рудаково,33 (откл.),25000,6,"ООО ""Стальвтормет""",Т-1,1 СкШ 6 кВ ПС Рудаково,1 СкШ 6 кВ
81,24,Рудаково,Сельэлектро,25000,6,Ленинский РЭС,Т-2,2 СкШ 6 кВ ПС Рудаково,2 СкШ 6 кВ
82,24,Рудаково,Мастерские-1,25000,6,ОАО Скуратовский опытно-экспериментальный завод,Т-2,2 СкШ 6 кВ ПС Рудаково,2 СкШ 6 кВ
83,24,Рудаково,34,25000,6,ООО Тулпромстрой-УПТК ,Т-2,2 СкШ 6 кВ ПС Рудаково,2 СкШ 6 кВ
84,24,Рудаково,38 (рез.ТСН ПС Стечкин),25000,6,Ленинский РЭС,Т-2,2 СкШ 6 кВ ПС Рудаково,2 СкШ 6 кВ
85,24,Рудаково,40 (ТСН-3 ПС Тула),25000,6,Ленинский РЭС,Т-2,2 СкШ 6 кВ ПС Рудаково,2 СкШ 6 кВ
86,24,Рудаково,5,25000,6,ООО Строймеханика-2,Т-2,2 СкШ 6 кВ ПС Рудаково,2 СкШ 6 кВ
87,24,Рудаково,7,25000,6,ООО Влада,Т-2,2 СкШ 6 кВ ПС Рудаково,2 СкШ 6 кВ
88,24,Рудаково,6,25000,6,"ЗАО ""Скуратовский завод ""Стройтехника""",Т-2,2 СкШ 6 кВ ПС Рудаково,2 СкШ 6 кВ
89,24,Рудаково,8,25000,6,АО Тул. гор. электр. сети,Т-2,2 СкШ 6 кВ ПС Рудаково,2 СкШ 6 кВ
90,24,Рудаково,9,25000,6,ООО Тулпромстрой-УПТК ,Т-2,2 СкШ 6 кВ ПС Рудаково,2 СкШ 6 кВ
91,24,Рудаково,10,25000,6,Ленинский РЭС,Т-2,2 СкШ 6 кВ ПС Рудаково,2 СкШ 6 кВ
92,24,Рудаково,11,25000,6,АО Тул. гор. электр. сети,Т-2,2 СкШ 6 кВ ПС Рудаково,2 СкШ 6 кВ
93,24,Рудаково,22,25000,6,ООО Аверс-Оптимум,Т-2,2 СкШ 6 кВ ПС Рудаково,2 СкШ 6 кВ
94,24,Рудаково,26,25000,6,ООО Аверс-Оптимум,Т-2,2 СкШ 6 кВ ПС Рудаково,2 СкШ 6 кВ
95,24,Рудаково,24,25000,6,АО Тул. гор. электр. сети,Т-2,2 СкШ 6 кВ ПС Рудаково,2 СкШ 6 кВ
96,24,Рудаково,28,25000,6,ООО Строй Бетон (завод ЖБИ),Т-2,2 СкШ 6 кВ ПС Рудаково,2 СкШ 6 кВ
97,24,Рудаково,30,25000,6,АО Тул. гор. электр. сети,Т-2,2 СкШ 6 кВ ПС Рудаково,2 СкШ 6 кВ
98,24,Рудаково,32,25000,6,АО Тул. гор. электр. сети,Т-2,2 СкШ 6 кВ ПС Рудаково,2 СкШ 6 кВ
99,24,Рудаково,42,25000,6,"ООО ""Стальвтормет""",Т-2,2 СкШ 6 кВ ПС Рудаково,2 СкШ 6 кВ
100,24,Рудаково,36,25000,6,ГК Эльф ,Т-2,2 СкШ 6 кВ ПС Рудаково,2 СкШ 6 кВ
101,26,Липки,Шахта 4 (откл.),20000,6,Киреевский ГРЭС,Т-1,1 СкШ 6 кВ ПС Липки,1 СкШ 6 кВ
102,26,Липки,Город 1 (откл.),20000,6,Киреевский ГРЭС,Т-1,1 СкШ 6 кВ ПС Липки,1 СкШ 6 кВ
103,26,Липки,ЛЗМК,20000,6,Киреевский ГРЭС,Т-1,1 СкШ 6 кВ ПС Липки,1 СкШ 6 кВ
104,26,Липки,Бородино-1,20000,6,Киреевский ГРЭС,Т-1,1 СкШ 6 кВ ПС Липки,1 СкШ 6 кВ
105,26,Липки,Долгое,20000,6,Киреевский ГРЭС,Т-1,1 СкШ 6 кВ ПС Липки,1 СкШ 6 кВ
106,26,Липки,Шахта 11 (резерв),20000,6,ФКУ КП-8 УФСИН,Т-1,1 СкШ 6 кВ ПС Липки,1 СкШ 6 кВ
107,26,Липки,Шахта 5,20000,6,Киреевский ГРЭС,Т-2,2 СкШ 6 кВ ПС Липки,2 СкШ 6 кВ
108,26,Липки,Шахта 6,20000,6,Киреевский ГРЭС,Т-2,2 СкШ 6 кВ ПС Липки,2 СкШ 6 кВ
109,26,Липки,Шахта 8,20000,6,Киреевский ГРЭС,Т-2,2 СкШ 6 кВ ПС Липки,2 СкШ 6 кВ
110,26,Липки,Шахта 9,20000,6,Киреевский ГРЭС,Т-2,2 СкШ 6 кВ ПС Липки,2 СкШ 6 кВ
111,26,Липки,Шахта 10,20000,6,Киреевский ГРЭС,Т-2,2 СкШ 6 кВ ПС Липки,2 СкШ 6 кВ
112,26,Липки,Шахта 12,20000,6,ФКУ КП-8 УФСИН,Т-2,2 СкШ 6 кВ ПС Липки,2 СкШ 6 кВ
113,26,Липки,Шахта 14,20000,6,ФКУ КП-8 УФСИН,Т-2,2 СкШ 6 кВ ПС Липки,2 СкШ 6 кВ
114,26,Липки,Бородино-2,20000,6,Киреевский ГРЭС,Т-2,2 СкШ 6 кВ ПС Липки,2 СкШ 6 кВ
115,26,Липки,Смирновский,20000,6,Киреевский ГРЭС,Т-2,2 СкШ 6 кВ ПС Липки,2 СкШ 6 кВ
116,27,Иваньково,.1 (откл.),6300,10,,Т-1,1 СкШ 10 кВ ПС Иваньково,1 СкШ 10 кВ
117,27,Иваньково,.3 (откл.),6300,10,Ясногорский РЭС,Т-1,1 СкШ 10 кВ ПС Иваньково,1 СкШ 10 кВ
118,27,Иваньково,5,6300,10,Ясногорский РЭС,Т-1,1 СкШ 10 кВ ПС Иваньково,1 СкШ 10 кВ
119,27,Иваньково,7 (откл.),6300,10,Ясногорский РЭС,Т-1,1 СкШ 10 кВ ПС Иваньково,1 СкШ 10 кВ
120,27,Иваньково,9,6300,10,Ясногорский РЭС,Т-1,1 СкШ 10 кВ ПС Иваньково,1 СкШ 10 кВ
121,27,Иваньково,11,6300,10,Ясногорский РЭС,Т-1,1 СкШ 10 кВ ПС Иваньково,1 СкШ 10 кВ
122,27,Иваньково,13,6300,10,Ясногорский РЭС,Т-1,1 СкШ 10 кВ ПС Иваньково,1 СкШ 10 кВ
123,27,Иваньково,15 (откл.),6300,10,,Т-1,1 СкШ 10 кВ ПС Иваньково,1 СкШ 10 кВ
124,27,Иваньково,2,6300,10,Ясногорский РЭС,Т-2,2 СкШ 10 кВ ПС Иваньково,2 СкШ 10 кВ
125,27,Иваньково,4,6300,10,Ясногорский РЭС,Т-2,2 СкШ 10 кВ ПС Иваньково,2 СкШ 10 кВ
126,27,Иваньково,8 (откл.),6300,10,Ясногорский РЭС,Т-2,2 СкШ 10 кВ ПС Иваньково,2 СкШ 10 кВ
127,27,Иваньково,6,6300,10,Ясногорский РЭС,Т-2,2 СкШ 10 кВ ПС Иваньково,2 СкШ 10 кВ
128,31,Ломинцево,20,16000,6,ОАО Щекинская городская электросеть,Т-1,1 СкШ 6 кВ ПС Ломинцево,1 СкШ 6 кВ
129,31,Ломинцево,21,16000,6,ОАО Щекинская городская электросеть,Т-1,1 СкШ 6 кВ ПС Ломинцево,1 СкШ 6 кВ
130,31,Ломинцево,26,16000,6,ОАО Щекинская городская электросеть,Т-1,1 СкШ 6 кВ ПС Ломинцево,1 СкШ 6 кВ
131,31,Ломинцево,27,16000,6,ОАО Щекинская городская электросеть,Т-1,1 СкШ 6 кВ ПС Ломинцево,1 СкШ 6 кВ
132,31,Ломинцево,Панарино,16000,6,Щекинский РЭС,Т-1,1 СкШ 6 кВ ПС Ломинцево,1 СкШ 6 кВ
133,31,Ломинцево,Мясоедово,16000,6,Щекинский РЭС,Т-1,1 СкШ 6 кВ ПС Ломинцево,1 СкШ 6 кВ
134,31,Ломинцево,Шахта 22 (откл.),16000,6,ЗАО Внешстрой,Т-2,2 СкШ 6 кВ ПС Ломинцево,2 СкШ 6 кВ
135,31,Ломинцево,Шахта 23,16000,6,ООО Базальтовые технологии,Т-2,2 СкШ 6 кВ ПС Ломинцево,2 СкШ 6 кВ
136,31,Ломинцево,Шахта 24,16000,6,ОАО Щекинская городская электросеть,Т-2,2 СкШ 6 кВ ПС Ломинцево,2 СкШ 6 кВ
137,31,Ломинцево,Шахта 25 (откл.),16000,6,З-д Прогресс АО Тулажелдормаш,Т-2,2 СкШ 6 кВ ПС Ломинцево,2 СкШ 6 кВ
138,31,Ломинцево,Шевелёвка,16000,6,Щекинский РЭС,Т-2,2 СкШ 6 кВ ПС Ломинцево,2 СкШ 6 кВ
139,36,Гурово,1,6300,6,Алексинский РЭС,Т-1,1 СкШ 6 кВ ПС Гурово,1 СкШ 6 кВ
140,36,Гурово,3,6300,6,ОАО Гурово-Бетон,Т-1,1 СкШ 6 кВ ПС Гурово,1 СкШ 6 кВ
141,36,Гурово,5,6300,6,Алексинский РЭС,Т-1,1 СкШ 6 кВ ПС Гурово,1 СкШ 6 кВ
142,36,Гурово,7,6300,6,ООО Хайдельберг -Цемент Рус,Т-1,1 СкШ 6 кВ ПС Гурово,1 СкШ 6 кВ
143,36,Гурово,9,6300,6,Алексинский РЭС,Т-1,1 СкШ 6 кВ ПС Гурово,1 СкШ 6 кВ
144,36,Гурово,2,6300,6,Алексинский РЭС,Т-2,2 СкШ 6 кВ ПС Гурово,2 СкШ 6 кВ
145,36,Гурово,4,6300,6,Алексинский РЭС,Т-2,2 СкШ 6 кВ ПС Гурово,2 СкШ 6 кВ
146,36,Гурово,6,6300,6,Алексинский РЭС,Т-2,2 СкШ 6 кВ ПС Гурово,2 СкШ 6 кВ
147,36,Гурово,8,6300,6,Алексинский РЭС,Т-2,2 СкШ 6 кВ ПС Гурово,2 СкШ 6 кВ
148,36,Гурово,10,6300,6,ООО Гурово-Асфальт,Т-2,2 СкШ 6 кВ ПС Гурово,2 СкШ 6 кВ
149,36,Гурово,12 (откл.),6300,6,,Т-2,2 СкШ 6 кВ ПС Гурово,2 СкШ 6 кВ
150,41,Перекоп,2А+Б,63000,6,АО Тул. гор. электр. сети,Т-1,1 СкШ 6 кВ ПС Перекоп,1 СкШ 6 кВ
151,41,Перекоп,4А+Б,63000,6,АО Тул. гор. электр. сети,Т-1,1 СкШ 6 кВ ПС Перекоп,1 СкШ 6 кВ
152,41,Перекоп,6А+Б,63000,6,ТДЭ МЖД (Тульская дистанция электроснабжения Московской железной дороги),Т-1,1 СкШ 6 кВ ПС Перекоп,1 СкШ 6 кВ
153,41,Перекоп,7А+Б,63000,6,АО Тул. гор. электр. сети,Т-1,1 СкШ 6 кВ ПС Перекоп,1 СкШ 6 кВ
154,41,Перекоп,9А+Б,63000,6,"ООО ""Ин-Групп Энерго""",Т-1,1 СкШ 6 кВ ПС Перекоп,1 СкШ 6 кВ
155,41,Перекоп,11А+Б,63000,6,АО Тул. гор. электр. сети,Т-1,1 СкШ 6 кВ ПС Перекоп,1 СкШ 6 кВ
156,41,Перекоп,13А+Б,63000,6,АО Тул. гор. электр. сети,Т-1,1 СкШ 6 кВ ПС Перекоп,1 СкШ 6 кВ
157,41,Перекоп,14А+Б,63000,6,АО Тул. гор. электр. сети,Т-1,1 СкШ 6 кВ ПС Перекоп,1 СкШ 6 кВ
158,41,Перекоп,15А+Б,63000,6,АО Тул. гор. электр. сети,Т-1,1 СкШ 6 кВ ПС Перекоп,1 СкШ 6 кВ
159,41,Перекоп,17А+Б,63000,6,ОАО Октава,Т-1,1 СкШ 6 кВ ПС Перекоп,1 СкШ 6 кВ
160,41,Перекоп,19А+Б:,63000,6,,Т-1,1 СкШ 6 кВ ПС Перекоп,1 СкШ 6 кВ
161,41,Перекоп,кабель 19 А ,63000,6,ОАО ТГК-4 (Квадра),Т-1,1 СкШ 6 кВ ПС Перекоп,1 СкШ 6 кВ
162,41,Перекоп,кабель 19 Б - (РДУ),63000,6,Ленинский РЭС,Т-1,1 СкШ 6 кВ ПС Перекоп,1 СкШ 6 кВ
163,41,Перекоп,20 А+Б,63000,6,АО Тул. гор. электр. сети,Т-1,1 СкШ 6 кВ ПС Перекоп,1 СкШ 6 кВ
164,41,Перекоп,22А+Б,63000,6,АО Тул. гор. электр. сети,Т-1,1 СкШ 6 кВ ПС Перекоп,1 СкШ 6 кВ
165,41,Перекоп,24 А+Б,63000,6,АО Тул. гор. электр. сети,Т-1,1 СкШ 6 кВ ПС Перекоп,1 СкШ 6 кВ
166,41,Перекоп,26 А+Б,63000,6,ЗАО Тульский завод РТИ,Т-1,1 СкШ 6 кВ ПС Перекоп,1 СкШ 6 кВ
167,41,Перекоп,31,63000,10,АО Тул. гор. электр. сети,Т-1,1 СкШ 10 кВ ПС Перекоп,1 СкШ 10 кВ
168,41,Перекоп,33,63000,10,АО Тул. гор. электр. сети,Т-1,1 СкШ 10 кВ ПС Перекоп,1 СкШ 10 кВ
169,41,Перекоп,37,63000,10,"OOO Екатерининские 
дворы",Т-1,1 СкШ 10 кВ ПС Перекоп,1 СкШ 10 кВ
170,41,Перекоп,35,63000,10,АО Тул. гор. электр. сети,Т-1,1 СкШ 10 кВ ПС Перекоп,1 СкШ 10 кВ
171,41,Перекоп,41,63000,10,Ленинский РЭС,Т-1,1 СкШ 10 кВ ПС Перекоп,1 СкШ 10 кВ
172,41,Перекоп,1А+Б,60000,6,АО Тул. гор. электр. сети,Т-2,2 СкШ 6 кВ ПС Перекоп,2 СкШ 6 кВ
173,41,Перекоп,3А+Б,60000,6,АО Тул. гор. электр. сети,Т-2,2 СкШ 6 кВ ПС Перекоп,2 СкШ 6 кВ
174,41,Перекоп,5А+Б,60000,6,ТДЭ МЖД (Тульская дистанция электроснабжения Московской железной дороги),Т-2,2 СкШ 6 кВ ПС Перекоп,2 СкШ 6 кВ
175,41,Перекоп,8А+Б,60000,6,АО Тул. гор. электр. сети,Т-2,2 СкШ 6 кВ ПС Перекоп,2 СкШ 6 кВ
176,41,Перекоп,10А+Б,60000,6,АО Тул. гор. электр. сети,Т-2,2 СкШ 6 кВ ПС Перекоп,2 СкШ 6 кВ
177,41,Перекоп,12А+Б,60000,6,"ООО ""Ин-Групп Энерго""",Т-2,2 СкШ 6 кВ ПС Перекоп,2 СкШ 6 кВ
178,41,Перекоп,16А+Б,60000,6,АО Тул. гор. электр. сети,Т-2,2 СкШ 6 кВ ПС Перекоп,2 СкШ 6 кВ
179,41,Перекоп,18А+Б,60000,6,АО Тул. гор. электр. сети,Т-2,2 СкШ 6 кВ ПС Перекоп,2 СкШ 6 кВ
180,41,Перекоп,21А+Б:,60000,6,Ленинский РЭС,Т-2,2 СкШ 6 кВ ПС Перекоп,2 СкШ 6 кВ
181,41,Перекоп,кабель 21 А - (РДУ),60000,6,Ленинский РЭС,Т-2,2 СкШ 6 кВ ПС Перекоп,2 СкШ 6 кВ
182,41,Перекоп,первый кабель 21 Б - (Тулэнерго),60000,6,Ленинский РЭС,Т-2,2 СкШ 6 кВ ПС Перекоп,2 СкШ 6 кВ
183,41,Перекоп,второй кабель 21 Б,60000,6,ОАО ТГК-4 (Квадра),Т-2,2 СкШ 6 кВ ПС Перекоп,2 СкШ 6 кВ
184,41,Перекоп,23А+Б,60000,6,АО Тул. гор. электр. сети,Т-2,2 СкШ 6 кВ ПС Перекоп,2 СкШ 6 кВ
185,41,Перекоп,30,60000,10,АО Тул. гор. электр. сети,Т-2,2 СкШ 10 кВ ПС Перекоп,2 СкШ 10 кВ
186,41,Перекоп,32,60000,10,АО Тул. гор. электр. сети,Т-2,2 СкШ 10 кВ ПС Перекоп,2 СкШ 10 кВ
187,41,Перекоп, 34,60000,10,АО Тул. гор. электр. сети,Т-2,2 СкШ 10 кВ ПС Перекоп,2 СкШ 10 кВ
188,41,Перекоп,36,60000,10,OOO Екатерининские дворы,Т-2,2 СкШ 10 кВ ПС Перекоп,2 СкШ 10 кВ
189,41,Перекоп,40,60000,10,Ленинский РЭС,Т-2,2 СкШ 10 кВ ПС Перекоп,2 СкШ 10 кВ
190,46,Труново,6А+Б,20000,10,Киреевский ГРЭС,Т-1,1 СкШ 10 кВ ПС Труново,1 СкШ 10 кВ
191,46,Труново,10,20000,10,Киреевский ГРЭС,Т-1,1 СкШ 10 кВ ПС Труново,1 СкШ 10 кВ
192,46,Труново,11А+Б,20000,10,Киреевский ГРЭС,Т-1,1 СкШ 10 кВ ПС Труново,1 СкШ 10 кВ
193,46,Труново,17А+Б,20000,10,Киреевский ГРЭС,Т-1,1 СкШ 10 кВ ПС Труново,1 СкШ 10 кВ
194,46,Труново,8,25000,10,Киреевский ГРЭС,Т-2,2 СкШ 10 кВ ПС Труново,2 СкШ 10 кВ
195,46,Труново,12,25000,10,Киреевский ГРЭС,Т-2,2 СкШ 10 кВ ПС Труново,2 СкШ 10 кВ
196,46,Труново,16А+Б,25000,10,Киреевский ГРЭС,Т-2,2 СкШ 10 кВ ПС Труново,2 СкШ 10 кВ
197,46,Труново,ВЛ 16 А,25000,10,Киреевский ГРЭС,Т-2,2 СкШ 10 кВ ПС Труново,2 СкШ 10 кВ
198,46,Труново,ВЛ 16 Б,25000,10,Киреевский ГРЭС,Т-2,2 СкШ 10 кВ ПС Труново,2 СкШ 10 кВ
199,49,Криволучье,Ввод 3 секц.ш. 6 кВ  ,16000,6,,Т-1,1 СкШ 6 кВ ПС Криволучье,1 СкШ 6 кВ
200,49,Криволучье,1,16000,6,"ООО ""Сабуровский комбинат хлебопродуктов""",Т-1,1 СкШ 6 кВ ПС Криволучье,1 СкШ 6 кВ
201,49,Криволучье,3,16000,6,"ООО ""Сабуровский комбинат хлебопродуктов""",Т-1,1 СкШ 6 кВ ПС Криволучье,1 СкШ 6 кВ
202,49,Криволучье,5,16000,6,АО Тул. гор. электр. сети,Т-1,1 СкШ 6 кВ ПС Криволучье,1 СкШ 6 кВ
203,49,Криволучье,7 (откл.),16000,6,ОАО Тульский  хладокомбинат (Юниливер),Т-1,1 СкШ 6 кВ ПС Криволучье,1 СкШ 6 кВ
204,49,Криволучье,9 (откл.),16000,6,,Т-1,1 СкШ 6 кВ ПС Криволучье,1 СкШ 6 кВ
205,49,Криволучье,11 (откл.),16000,6,,Т-1,1 СкШ 6 кВ ПС Криволучье,1 СкШ 6 кВ
206,49,Криволучье,13,16000,6,ООО Тульская гармонь,Т-1,1 СкШ 6 кВ ПС Криволучье,1 СкШ 6 кВ
207,49,Криволучье,15,16000,6,МКП Тулгорэлектротранс,Т-1,1 СкШ 6 кВ ПС Криволучье,1 СкШ 6 кВ
208,49,Криволучье,17,16000,6,"ООО СПМИ (ООО ""Строительство, производство металлоизделий"")",Т-1,1 СкШ 6 кВ ПС Криволучье,1 СкШ 6 кВ
209,49,Криволучье,19 (откл.),16000,6,,Т-1,1 СкШ 6 кВ ПС Криволучье,1 СкШ 6 кВ
210,49,Криволучье,21,16000,6,ООО Теплон,Т-1,1 СкШ 6 кВ ПС Криволучье,1 СкШ 6 кВ
211,49,Криволучье,23 (откл.),16000,6,ИП Сулимов (ИП закрыто),Т-1,1 СкШ 6 кВ ПС Криволучье,1 СкШ 6 кВ
212,49,Криволучье,27 (откл.),16000,6,,Т-1,1 СкШ 6 кВ ПС Криволучье,1 СкШ 6 кВ
213,49,Криволучье,29 (откл.),16000,6,,Т-1,1 СкШ 6 кВ ПС Криволучье,1 СкШ 6 кВ
214,49,Криволучье,31 (откл.),16000,6,,Т-1,1 СкШ 6 кВ ПС Криволучье,1 СкШ 6 кВ
215,49,Криволучье,33 ,16000,6,ООО Парадиз,Т-1,1 СкШ 6 кВ ПС Криволучье,1 СкШ 6 кВ
216,49,Криволучье,Ввод 4 секц.ш. 6 кВ  ,16000,6,,Т-2,2 СкШ 6 кВ ПС Криволучье,2 СкШ 6 кВ
217,49,Криволучье,2,16000,6,АО Тул. гор. электр. сети,Т-2,2 СкШ 6 кВ ПС Криволучье,2 СкШ 6 кВ
218,49,Криволучье,4,16000,6,АО Тул. гор. электр. сети,Т-2,2 СкШ 6 кВ ПС Криволучье,2 СкШ 6 кВ
219,49,Криволучье,6,16000,6,АО Тул. гор. электр. сети,Т-2,2 СкШ 6 кВ ПС Криволучье,2 СкШ 6 кВ
220,49,Криволучье,8,16000,6,ООО Тульская гармонь,Т-2,2 СкШ 6 кВ ПС Криволучье,2 СкШ 6 кВ
221,49,Криволучье,10,16000,6,АО Тул. гор. электр. сети,Т-2,2 СкШ 6 кВ ПС Криволучье,2 СкШ 6 кВ
222,49,Криволучье,12,16000,6,Ленинский РЭС,Т-2,2 СкШ 6 кВ ПС Криволучье,2 СкШ 6 кВ
223,49,Криволучье,14,16000,6,ООО Теплон,Т-2,2 СкШ 6 кВ ПС Криволучье,2 СкШ 6 кВ
224,49,Криволучье,16,16000,6,"ООО ""Сабуровский комбинат хлебопродуктов""",Т-2,2 СкШ 6 кВ ПС Криволучье,2 СкШ 6 кВ
225,49,Криволучье,18,16000,6,"ЗАО ""ОМНИ-Сервис СНГ""",Т-2,2 СкШ 6 кВ ПС Криволучье,2 СкШ 6 кВ
226,49,Криволучье,20 (откл.),16000,6,,Т-2,2 СкШ 6 кВ ПС Криволучье,2 СкШ 6 кВ
227,49,Криволучье,22 ,16000,6,ОАО Тульский  хладокомбинат (Юниливер),Т-2,2 СкШ 6 кВ ПС Криволучье,2 СкШ 6 кВ
228,49,Криволучье,24 (откл.),16000,6,,Т-2,2 СкШ 6 кВ ПС Криволучье,2 СкШ 6 кВ
229,49,Криволучье,26 (откл.),16000,6,,Т-2,2 СкШ 6 кВ ПС Криволучье,2 СкШ 6 кВ
230,49,Криволучье,28 (откл.),16000,6,,Т-2,2 СкШ 6 кВ ПС Криволучье,2 СкШ 6 кВ
231,49,Криволучье,30 ,16000,6,ООО Парадиз,Т-2,2 СкШ 6 кВ ПС Криволучье,2 СкШ 6 кВ
232,49,Криволучье,32,16000,6,ООО ПК  РИФ,Т-2,2 СкШ 6 кВ ПС Криволучье,2 СкШ 6 кВ
233,49,Криволучье,Фидер 34 ,16000,6,ОАО Тул.гор.электр.сети,Т-2,2 СкШ 6 кВ ПС Криволучье,2 СкШ 6 кВ
234,52,Медвенка,Медвенка 1,16000,6,Ленинский РЭС,Т-1,1 СкШ 6 кВ ПС Медвенка,1 СкШ 6 кВ
235,52,Медвенка,Медвенка 2,16000,6,Ленинский РЭС,Т-1,1 СкШ 6 кВ ПС Медвенка,1 СкШ 6 кВ
236,52,Медвенка,Октябрьский,16000,6,АО Тул. гор. электр. сети,Т-1,1 СкШ 6 кВ ПС Медвенка,1 СкШ 6 кВ
237,52,Медвенка,Федоровка,16000,6,Ленинский РЭС,Т-1,1 СкШ 6 кВ ПС Медвенка,1 СкШ 6 кВ
238,52,Медвенка,3,16000,6,Ленинский РЭС,Т-1,1 СкШ 6 кВ ПС Медвенка,1 СкШ 6 кВ
239,52,Медвенка,Плеханово,16000,6,Ленинский РЭС,Т-2,2 СкШ 6 кВ ПС Медвенка,2 СкШ 6 кВ
240,52,Медвенка,База,16000,6,АО Тул. гор. электр. сети,Т-2,2 СкШ 6 кВ ПС Медвенка,2 СкШ 6 кВ
241,52,Медвенка,Ивановка,16000,6,Ленинский РЭС,Т-2,2 СкШ 6 кВ ПС Медвенка,2 СкШ 6 кВ
242,53,Синетулица,Анишино,4000,6,Ленинский РЭС,Т-2,2 СкШ 6 кВ ПС Синетулица,2 СкШ 6 кВ
243,53,Синетулица,Торхово,4000,6,Ленинский РЭС,Т-2,2 СкШ 6 кВ ПС Синетулица,2 СкШ 6 кВ
244,53,Синетулица,Руднево,4000,6,Ленинский РЭС,Т-2,2 СкШ 6 кВ ПС Синетулица,2 СкШ 6 кВ
245,53,Синетулица,Плодопитомник,4000,6,Ленинский РЭС,Т-2,2 СкШ 6 кВ ПС Синетулица,2 СкШ 6 кВ
246,61,Сухотино,1,10000,6,"ООО ""Ревякинский металлургический комбинат""",Т-1,1 СкШ 6 кВ ПС Сухотино,1 СкШ 6 кВ
247,61,Сухотино,3,10000,6,Ясногорский РЭС,Т-1,1 СкШ 6 кВ ПС Сухотино,1 СкШ 6 кВ
248,61,Сухотино,9,10000,6,Ясногорский РЭС,Т-1,1 СкШ 6 кВ ПС Сухотино,1 СкШ 6 кВ
249,61,Сухотино,11,10000,6,"ООО ""Ревякинский металлургический комбинат""",Т-1,1 СкШ 6 кВ ПС Сухотино,1 СкШ 6 кВ
250,61,Сухотино,,10000,6,,Т-1,1 СкШ 6 кВ ПС Сухотино,1 СкШ 6 кВ
251,61,Сухотино,2,16000,6,"ООО ""Ревякинский металлургический комбинат""",Т-2,2 СкШ 6 кВ ПС Сухотино,2 СкШ 6 кВ
252,61,Сухотино,4,16000,6,Ясногорский РЭС,Т-2,2 СкШ 6 кВ ПС Сухотино,2 СкШ 6 кВ
253,61,Сухотино,6 (откл.),16000,6,Ясногорский РЭС,Т-2,2 СкШ 6 кВ ПС Сухотино,2 СкШ 6 кВ
254,61,Сухотино,10,16000,6,Ясногорский РЭС,Т-2,2 СкШ 6 кВ ПС Сухотино,2 СкШ 6 кВ
255,61,Сухотино,12,16000,6,"ООО ""Ревякинский металлургический комбинат""",Т-2,2 СкШ 6 кВ ПС Сухотино,2 СкШ 6 кВ
256,64,Кировская,1А+Б (откл.),40000,6,"АО ""Машиностроительный з-д ""Штамп"" им. Б.Л. Ванникова",Т-1,1 СкШ 6 кВ ПС Кировская,1 СкШ 6 кВ
257,64,Кировская,3 А+Б,40000,6,ООО Техноград-плюс,Т-1,1 СкШ 6 кВ ПС Кировская,1 СкШ 6 кВ
258,64,Кировская,5А+Б,40000,6,ОАО Тульский патронный завод,Т-1,1 СкШ 6 кВ ПС Кировская,1 СкШ 6 кВ
259,64,Кировская,12А+Б,40000,6,АО Тул. гор. электр. сети,Т-1,1 СкШ 6 кВ ПС Кировская,1 СкШ 6 кВ
260,64,Кировская,18 А+Б (откл.),40000,6,АО Тул. гор. электр. сети,Т-1,1 СкШ 6 кВ ПС Кировская,1 СкШ 6 кВ
261,64,Кировская,34,40000,6,МКП Тулгорэлектротранс,Т-1,1 СкШ 6 кВ ПС Кировская,1 СкШ 6 кВ
262,64,Кировская,40А+Б,40000,6,АО Тул. гор. электр. сети,Т-1,1 СкШ 6 кВ ПС Кировская,1 СкШ 6 кВ
263,64,Кировская,6А+Б,40000,6,ОАО Тульский патронный завод,Т-2,2 СкШ 6 кВ ПС Кировская,2 СкШ 6 кВ
264,64,Кировская,7 А+Б:,40000,6,,Т-2,2 СкШ 6 кВ ПС Кировская,2 СкШ 6 кВ
265,64,Кировская,7 А,40000,6,АО Тул. гор. электр. сети,Т-2,2 СкШ 6 кВ ПС Кировская,2 СкШ 6 кВ
266,64,Кировская,7 Б,40000,6,"ООО ""Петрол спринг""",Т-2,2 СкШ 6 кВ ПС Кировская,2 СкШ 6 кВ
267,64,Кировская,9А+Б,40000,6,ОАО Тульский патронный завод,Т-2,2 СкШ 6 кВ ПС Кировская,2 СкШ 6 кВ
268,64,Кировская,10А+Б,40000,6,АО Тул. гор. электр. сети,Т-2,2 СкШ 6 кВ ПС Кировская,2 СкШ 6 кВ
269,64,Кировская,11А+Б,40000,6,ОАО Тульский патронный завод,Т-2,2 СкШ 6 кВ ПС Кировская,2 СкШ 6 кВ
270,64,Кировская, 29 А+Б,40000,6,ООО Техноград-плюс,Т-2,2 СкШ 6 кВ ПС Кировская,2 СкШ 6 кВ
271,64,Кировская,38,40000,6,МКП Тулгорэлектротранс,Т-2,2 СкШ 6 кВ ПС Кировская,2 СкШ 6 кВ
272,75,Ясногорск,1,63000,6,Ясногорский РЭС,Т-1,1 СкШ 6 кВ ПС Ясногорск,1 СкШ 6 кВ
273,75,Ясногорск,3,63000,6,ООО Юнайтед Экстружн,Т-1,1 СкШ 6 кВ ПС Ясногорск,1 СкШ 6 кВ
274,75,Ясногорск,5,63000,6,Ясногорский РЭС,Т-1,1 СкШ 6 кВ ПС Ясногорск,1 СкШ 6 кВ
275,75,Ясногорск,7 (откл.),63000,6,ЗАО Технопарк,Т-1,1 СкШ 6 кВ ПС Ясногорск,1 СкШ 6 кВ
276,75,Ясногорск,9,63000,6,Ясногорский РЭС,Т-1,1 СкШ 6 кВ ПС Ясногорск,1 СкШ 6 кВ
277,75,Ясногорск,11,63000,6,Ясногорский РЭС,Т-1,1 СкШ 6 кВ ПС Ясногорск,1 СкШ 6 кВ
278,75,Ясногорск,13,63000,6,Ясногорский РЭС,Т-1,1 СкШ 6 кВ ПС Ясногорск,1 СкШ 6 кВ
279,75,Ясногорск,15,63000,6,Ясногорский РЭС,Т-1,1 СкШ 6 кВ ПС Ясногорск,1 СкШ 6 кВ
280,75,Ясногорск,17,63000,6,ЗАО ИЭК Металл-пласт,Т-1,1 СкШ 6 кВ ПС Ясногорск,1 СкШ 6 кВ
281,75,Ясногорск,2,63000,6,Ясногорский РЭС,Т-2,2 СкШ 6 кВ ПС Ясногорск,2 СкШ 6 кВ
282,75,Ясногорск,4 (откл.),63000,6,ЗАО Технопарк,Т-2,2 СкШ 6 кВ ПС Ясногорск,2 СкШ 6 кВ
283,75,Ясногорск,6,63000,6,ЗАО Технопарк,Т-2,2 СкШ 6 кВ ПС Ясногорск,2 СкШ 6 кВ
284,75,Ясногорск,8,63000,6,ЗАО Технопарк,Т-2,2 СкШ 6 кВ ПС Ясногорск,2 СкШ 6 кВ
285,75,Ясногорск,10,63000,6,Ясногорский РЭС,Т-2,2 СкШ 6 кВ ПС Ясногорск,2 СкШ 6 кВ
286,75,Ясногорск,14,63000,6,Ясногорский РЭС,Т-2,2 СкШ 6 кВ ПС Ясногорск,2 СкШ 6 кВ
287,75,Ясногорск,16 (откл.),63000,6,ЗАО Технопарк,Т-2,2 СкШ 6 кВ ПС Ясногорск,2 СкШ 6 кВ
288,75,Ясногорск,18,63000,6,Ясногорский РЭС,Т-2,2 СкШ 6 кВ ПС Ясногорск,2 СкШ 6 кВ
289,75,Ясногорск,20,63000,6,Ясногорский РЭС,Т-2,2 СкШ 6 кВ ПС Ясногорск,2 СкШ 6 кВ
290,75,Ясногорск,22,63000,6,ЗАО ИЭК Металл-пласт,Т-2,2 СкШ 6 кВ ПС Ясногорск,2 СкШ 6 кВ
291,75,Ясногорск,24,63000,6,ЗАО ИЭК Металл-пласт,Т-2,2 СкШ 6 кВ ПС Ясногорск,2 СкШ 6 кВ
292,77,Болоховская,Выводной В  3СкШ  6 Кв,10000,6,,Т-1,1 СкШ 6 кВ ПС Болоховская,1 СкШ 6 кВ
293,77,Болоховская,Присады 1,10000,6,ТДЭ МЖД (Тульская дистанция электроснабжения Московской железной дороги),Т-1,1 СкШ 6 кВ ПС Болоховская,1 СкШ 6 кВ
294,77,Болоховская,Присады 2,10000,6,ТДЭ МЖД (Тульская дистанция электроснабжения Московской железной дороги),Т-1,1 СкШ 6 кВ ПС Болоховская,1 СкШ 6 кВ
295,77,Болоховская,КМЗ 2,10000,6,Болоховский завод строительных конструкций,Т-1,1 СкШ 6 кВ ПС Болоховская,1 СкШ 6 кВ
296,77,Болоховская,Сельэлектро 3,10000,6,Киреевский ГРЭС,Т-1,1 СкШ 6 кВ ПС Болоховская,1 СкШ 6 кВ
297,77,Болоховская,Сельэлектро 4,10000,6,Киреевский ГРЭС,Т-1,1 СкШ 6 кВ ПС Болоховская,1 СкШ 6 кВ
298,77,Болоховская,Сельэлектро 5,10000,6,Киреевский ГРЭС,Т-1,1 СкШ 6 кВ ПС Болоховская,1 СкШ 6 кВ
299,77,Болоховская,Город 3,10000,6,Киреевский ГРЭС,Т-1,1 СкШ 6 кВ ПС Болоховская,1 СкШ 6 кВ
300,77,Болоховская,Выводной В 4 СкШ 6 кВ,25000,6,,Т-2,2 СкШ 6 кВ ПС Болоховская,2 СкШ 6 кВ
301,77,Болоховская,Сельэлектро 1,25000,6,Киреевский ГРЭС,Т-2,2 СкШ 6 кВ ПС Болоховская,2 СкШ 6 кВ
302,77,Болоховская,Сельэлектро 2,25000,6,Киреевский ГРЭС,Т-2,2 СкШ 6 кВ ПС Болоховская,2 СкШ 6 кВ
303,77,Болоховская,Подземгаз,25000,6,Киреевский ГРЭС,Т-2,2 СкШ 6 кВ ПС Болоховская,2 СкШ 6 кВ
304,77,Болоховская,Город 1,25000,6,Киреевский ГРЭС,Т-2,2 СкШ 6 кВ ПС Болоховская,2 СкШ 6 кВ
305,77,Болоховская,Город 2,25000,6,ОАО Холодильная техника,Т-2,2 СкШ 6 кВ ПС Болоховская,2 СкШ 6 кВ
306,77,Болоховская,з-д Сантехзаготовок,25000,6,ОАО Болоховский з-д Сантехзаготовок,Т-2,2 СкШ 6 кВ ПС Болоховская,2 СкШ 6 кВ
307,77,Болоховская,УПП ВОС,25000,6,Администрация МО г. Болохово,Т-2,2 СкШ 6 кВ ПС Болоховская,2 СкШ 6 кВ
308,86,Малахово,1,20000,6,ОАО Щекинская городская электросеть,Т-1,1 СкШ 6 кВ ПС Малахово,1 СкШ 6 кВ
309,86,Малахово,3 (откл.),20000,6,ОАО Щекинская городская электросеть,Т-1,1 СкШ 6 кВ ПС Малахово,1 СкШ 6 кВ
310,86,Малахово,5,20000,6,Щекинский РЭС,Т-1,1 СкШ 6 кВ ПС Малахово,1 СкШ 6 кВ
311,86,Малахово,7,20000,6,ОАО Щекинская городская электросеть,Т-1,1 СкШ 6 кВ ПС Малахово,1 СкШ 6 кВ
312,86,Малахово,9,20000,6,ОАО Щекинская городская электросеть,Т-1,1 СкШ 6 кВ ПС Малахово,1 СкШ 6 кВ
313,86,Малахово,11,20000,6,Щекинский РЭС,Т-1,1 СкШ 6 кВ ПС Малахово,1 СкШ 6 кВ
314,86,Малахово,13 (откл.),20000,6,Щекинский РЭС,Т-1,1 СкШ 6 кВ ПС Малахово,1 СкШ 6 кВ
315,86,Малахово,2 ,20000,6,ЗАО Щекинский завод ЖБИ,Т-2,2 СкШ 6 кВ ПС Малахово,2 СкШ 6 кВ
316,86,Малахово,4,20000,6,"ООО ""Таурис""",Т-2,2 СкШ 6 кВ ПС Малахово,2 СкШ 6 кВ
317,86,Малахово,6,20000,6,ОАО Щекинская городская электросеть,Т-2,2 СкШ 6 кВ ПС Малахово,2 СкШ 6 кВ
318,86,Малахово,8 (откл.),20000,6,,Т-2,2 СкШ 6 кВ ПС Малахово,2 СкШ 6 кВ
319,86,Малахово,10,20000,6,Щекинский РЭС,Т-2,2 СкШ 6 кВ ПС Малахово,2 СкШ 6 кВ
320,86,Малахово,12,20000,6,Щекинский РЭС,Т-2,2 СкШ 6 кВ ПС Малахово,2 СкШ 6 кВ
321,86,Малахово,14,20000,6,ОАО Щекинская городская электросеть,Т-2,2 СкШ 6 кВ ПС Малахово,2 СкШ 6 кВ
322,86,Малахово,16,20000,6,Щекинский РЭС,Т-2,2 СкШ 6 кВ ПС Малахово,2 СкШ 6 кВ
323,88,Ясенки,Город 5А+Б,25000,6,ОАО Щекинская городская электросеть,Т-1,1 СкШ 6 кВ ПС Ясенки,1 СкШ 6 кВ
324,88,Ясенки,Город 6А+Б,25000,6,ОАО Щекинская городская электросеть,Т-1,1 СкШ 6 кВ ПС Ясенки,1 СкШ 6 кВ
325,88,Ясенки,Город 7А+Б,25000,6,ОАО Щекинская городская электросеть,Т-1,1 СкШ 6 кВ ПС Ясенки,1 СкШ 6 кВ
326,88,Ясенки,Город 8А+Б,25000,6,ОАО Щекинская городская электросеть,Т-1,1 СкШ 6 кВ ПС Ясенки,1 СкШ 6 кВ
327,88,Ясенки,ЦЭММ А+Б,25000,6,ОАО Щекинская городская электросеть,Т-1,1 СкШ 6 кВ ПС Ясенки,1 СкШ 6 кВ
328,88,Ясенки,Тяговая 1,25000,6,ТДЭ МЖД (Тульская дистанция электроснабжения Московской железной дороги),Т-1,1 СкШ 6 кВ ПС Ясенки,1 СкШ 6 кВ
329,88,Ясенки,Город 1А+Б,25000,6,ОАО Щекинская городская электросеть,Т-2,2 СкШ 6 кВ ПС Ясенки,2 СкШ 6 кВ
330,88,Ясенки,Город 2А+Б,25000,6,ОАО Щекинская городская электросеть,Т-2,2 СкШ 6 кВ ПС Ясенки,2 СкШ 6 кВ
331,88,Ясенки,Город 3А+Б,25000,6,ОАО Щекинская городская электросеть,Т-2,2 СкШ 6 кВ ПС Ясенки,2 СкШ 6 кВ
332,88,Ясенки,Город 4А+Б,25000,6,ОАО Щекинская городская электросеть,Т-2,2 СкШ 6 кВ ПС Ясенки,2 СкШ 6 кВ
333,88,Ясенки,Кислотоупор 1,25000,6,ООО з-д Стройкерамика,Т-2,2 СкШ 6 кВ ПС Ясенки,2 СкШ 6 кВ
334,88,Ясенки,Кислотоупор 2,25000,6,ООО з-д Стройкерамика,Т-2,2 СкШ 6 кВ ПС Ясенки,2 СкШ 6 кВ
335,88,Ясенки,Кислотоупор 3,25000,6,ООО з-д Стройкерамика,Т-2,2 СкШ 6 кВ ПС Ясенки,2 СкШ 6 кВ
336,88,Ясенки,Тяговая 2,25000,6,ТДЭ МЖД (Тульская дистанция электроснабжения Московской железной дороги),Т-2,2 СкШ 6 кВ ПС Ясенки,2 СкШ 6 кВ
337,88,Ясенки,Шамотный 2,25000,6,ООО Дельта Плюс,Т-2,2 СкШ 6 кВ ПС Ясенки,2 СкШ 6 кВ
338,89,Огаревка,7,25000,6,ПСП Газсельстрой,Т-1,1 СкШ 6 кВ ПС Огаревка,1 СкШ 6 кВ
339,89,Огаревка,Зубаревка,25000,6,Щекинский РЭС,Т-1,1 СкШ 6 кВ ПС Огаревка,1 СкШ 6 кВ
340,89,Огаревка,Сельэлектро 1,25000,6,Щекинский РЭС,Т-1,1 СкШ 6 кВ ПС Огаревка,1 СкШ 6 кВ
341,89,Огаревка,9,25000,6,ОАО Щекинская городская электросеть,Т-1,1 СкШ 6 кВ ПС Огаревка,1 СкШ 6 кВ
342,89,Огаревка,Шахта 12,25000,6,ОАО Щекинская городская электросеть,Т-1,1 СкШ 6 кВ ПС Огаревка,1 СкШ 6 кВ
343,89,Огаревка,11,25000,6,ФБУ ИК-7,Т-1,1 СкШ 6 кВ ПС Огаревка,1 СкШ 6 кВ
344,89,Огаревка,Химбаза,25000,6,ОАО ТПФ Тулэлектрохимобеспечение,Т-1,1 СкШ 6 кВ ПС Огаревка,1 СкШ 6 кВ
345,89,Огаревка,Шахта 15,16000,6,ОАО Щекинская городская электросеть,Т-2,2 СкШ 6 кВ ПС Огаревка,2 СкШ 6 кВ
346,89,Огаревка,Кирпичный завод,16000,6,ИП Петренко Ф.Б.,Т-2,2 СкШ 6 кВ ПС Огаревка,2 СкШ 6 кВ
347,89,Огаревка,Сельэлектро 2,16000,6,Щекинский РЭС,Т-2,2 СкШ 6 кВ ПС Огаревка,2 СкШ 6 кВ
348,89,Огаревка,Сельэлектро 3,16000,6,Щекинский РЭС,Т-2,2 СкШ 6 кВ ПС Огаревка,2 СкШ 6 кВ
349,89,Огаревка,Золоотвал (откл.),16000,6,Щекинская ГРЭС,Т-2,2 СкШ 6 кВ ПС Огаревка,2 СкШ 6 кВ
350,92,Маслово,1,5600,6,Ленинский РЭС,Т-1,1 СкШ 6 кВ ПС Маслово,1 СкШ 6 кВ
351,92,Маслово,3,5600,6,ОАО ЦКБА,Т-1,1 СкШ 6 кВ ПС Маслово,1 СкШ 6 кВ
352,92,Маслово,7,5600,6,ОАО Тулагорводоканал,Т-1,1 СкШ 6 кВ ПС Маслово,1 СкШ 6 кВ
353,92,Маслово,9,5600,6,Ленинский РЭС,Т-1,1 СкШ 6 кВ ПС Маслово,1 СкШ 6 кВ
354,92,Маслово,11,5600,6,Ленинский РЭС,Т-1,1 СкШ 6 кВ ПС Маслово,1 СкШ 6 кВ
355,92,Маслово,2,10000,6,ОАО Тулагорводоканал,Т-2,2 СкШ 6 кВ ПС Маслово,2 СкШ 6 кВ
356,92,Маслово,4,10000,6,Ленинский РЭС,Т-2,2 СкШ 6 кВ ПС Маслово,2 СкШ 6 кВ
357,92,Маслово,6,10000,6,Ленинский РЭС,Т-2,2 СкШ 6 кВ ПС Маслово,2 СкШ 6 кВ
358,92,Маслово,8,10000,6,ОАО Тулагорводоканал,Т-2,2 СкШ 6 кВ ПС Маслово,2 СкШ 6 кВ
359,92,Маслово,10,10000,6,ОАО ЦКБА,Т-2,2 СкШ 6 кВ ПС Маслово,2 СкШ 6 кВ
360,145,Октябрьская,1,40000,6,ПАО НПО Стрела,Т-1,1 СкШ 6 кВ ПС Октябрьская,1 СкШ 6 кВ
361,145,Октябрьская,3,40000,6,АО Тул. гор. электр. сети,Т-1,1 СкШ 6 кВ ПС Октябрьская,1 СкШ 6 кВ
362,145,Октябрьская,5,40000,6,МКП Тулгорэлектротранс,Т-1,1 СкШ 6 кВ ПС Октябрьская,1 СкШ 6 кВ
363,145,Октябрьская,7,40000,6,АО Тул. гор. электр. сети,Т-1,1 СкШ 6 кВ ПС Октябрьская,1 СкШ 6 кВ
364,145,Октябрьская,9,40000,6,АО Тул. гор. электр. сети,Т-1,1 СкШ 6 кВ ПС Октябрьская,1 СкШ 6 кВ
365,145,Октябрьская,31,40000,10,МКП Тулгорэлектротранс,Т-1,1 СкШ 10 кВ ПС Октябрьская,1 СкШ 10 кВ
366,145,Октябрьская,33,40000,10,ТДЭ МЖД (Тульская дистанция электроснабжения Московской железной дороги),Т-1,1 СкШ 10 кВ ПС Октябрьская,1 СкШ 10 кВ
367,145,Октябрьская,35,40000,10,ООО Сетевая Компания,Т-1,1 СкШ 10 кВ ПС Октябрьская,1 СкШ 10 кВ
368,145,Октябрьская,37,40000,10,ИП Петров А.Ф.,Т-1,1 СкШ 10 кВ ПС Октябрьская,1 СкШ 10 кВ
369,145,Октябрьская,41,40000,10,АО Тул. гор. электр. сети,Т-1,1 СкШ 10 кВ ПС Октябрьская,1 СкШ 10 кВ
370,145,Октябрьская,43,40000,10,ЧП Левин В.Г.,Т-1,1 СкШ 10 кВ ПС Октябрьская,1 СкШ 10 кВ
371,145,Октябрьская,45,40000,10,ЗАО Индустрия-сервис,Т-1,1 СкШ 10 кВ ПС Октябрьская,1 СкШ 10 кВ
372,145,Октябрьская,47,40000,10,ООО Ландар МТ,Т-1,1 СкШ 10 кВ ПС Октябрьская,1 СкШ 10 кВ
373,145,Октябрьская,49,40000,10,АО Тул. гор. электр. сети,Т-1,1 СкШ 10 кВ ПС Октябрьская,1 СкШ 10 кВ
374,145,Октябрьская,51,40000,10,ООО Гипромаш (ООО Металлообрабатывающий завод),Т-1,1 СкШ 10 кВ ПС Октябрьская,1 СкШ 10 кВ
375,145,Октябрьская,2,40000,6,ПАО НПО Стрела,Т-2,2 СкШ 6 кВ ПС Октябрьская,2 СкШ 6 кВ
376,145,Октябрьская,4,40000,6,ПАО НПО Стрела,Т-2,2 СкШ 6 кВ ПС Октябрьская,2 СкШ 6 кВ
377,145,Октябрьская,6,40000,6,АО Тул. гор. электр. сети,Т-2,2 СкШ 6 кВ ПС Октябрьская,2 СкШ 6 кВ
378,145,Октябрьская,8,40000,6,АО Тул. гор. электр. сети,Т-2,2 СкШ 6 кВ ПС Октябрьская,2 СкШ 6 кВ
379,145,Октябрьская,10,40000,6,МКП Тулгорэлектротранс,Т-2,2 СкШ 6 кВ ПС Октябрьская,2 СкШ 6 кВ
380,145,Октябрьская,12,40000,6,АО Тул. гор. электр. сети,Т-2,2 СкШ 6 кВ ПС Октябрьская,2 СкШ 6 кВ
381,145,Октябрьская,14,40000,6,ООО КС Энерго,Т-2,2 СкШ 6 кВ ПС Октябрьская,2 СкШ 6 кВ
382,145,Октябрьская,20,40000,6,ООО ТЭМЗ,Т-2,2 СкШ 6 кВ ПС Октябрьская,2 СкШ 6 кВ
383,145,Октябрьская,22,40000,6,МКП Тулгорэлектротранс,Т-2,2 СкШ 6 кВ ПС Октябрьская,2 СкШ 6 кВ
384,145,Октябрьская,24,40000,6,ООО МБ-Инвест,Т-2,2 СкШ 6 кВ ПС Октябрьская,2 СкШ 6 кВ
385,145,Октябрьская,26,40000,6,АО Тул. гор. электр. сети,Т-2,2 СкШ 6 кВ ПС Октябрьская,2 СкШ 6 кВ
386,145,Октябрьская,28,40000,6,ООО Энерго-Сеть,Т-2,2 СкШ 6 кВ ПС Октябрьская,2 СкШ 6 кВ
387,145,Октябрьская,30,40000,10,АО Тул. гор. электр. сети,Т-2,2 СкШ 10 кВ ПС Октябрьская,2 СкШ 10 кВ
388,145,Октябрьская,34,40000,10,ТДЭ МЖД (Тульская дистанция электроснабжения Московской железной дороги),Т-2,2 СкШ 10 кВ ПС Октябрьская,2 СкШ 10 кВ
389,145,Октябрьская,36,40000,10,ЗАО Индустрия-сервис,Т-2,2 СкШ 10 кВ ПС Октябрьская,2 СкШ 10 кВ
390,145,Октябрьская,38,40000,10,АО Тул. гор. электр. сети,Т-2,2 СкШ 10 кВ ПС Октябрьская,2 СкШ 10 кВ
391,145,Октябрьская,40,40000,10,ЧП Левин В.Г.,Т-2,2 СкШ 10 кВ ПС Октябрьская,2 СкШ 10 кВ
392,145,Октябрьская,42,40000,10,АО Тул. гор. электр. сети,Т-2,2 СкШ 10 кВ ПС Октябрьская,2 СкШ 10 кВ
393,145,Октябрьская,44,40000,10,АО Тул. гор. электр. сети,Т-2,2 СкШ 10 кВ ПС Октябрьская,2 СкШ 10 кВ
394,145,Октябрьская,46,40000,10,АО Тул. гор. электр. сети,Т-2,2 СкШ 10 кВ ПС Октябрьская,2 СкШ 10 кВ
395,145,Октябрьская,48,40000,10,МКП Тулгорэлектротранс,Т-2,2 СкШ 10 кВ ПС Октябрьская,2 СкШ 10 кВ
396,145,Октябрьская,50,40000,10,ООО Ландар МТ,Т-2,2 СкШ 10 кВ ПС Октябрьская,2 СкШ 10 кВ
397,145,Октябрьская,52,40000,10,ООО Аркон,Т-2,2 СкШ 10 кВ ПС Октябрьская,2 СкШ 10 кВ
398,145,Октябрьская,54,40000,10,ЗАО Спецтрансмонолит,Т-2,2 СкШ 10 кВ ПС Октябрьская,2 СкШ 10 кВ
399,149,Мясново,4,25000,6,АО Тул. гор. электр. сети,Т-1,1 СкШ 6 кВ ПС Мясново,1 СкШ 6 кВ
400,149,Мясново,7,25000,6,АО Тул. гор. электр. сети,Т-1,1 СкШ 6 кВ ПС Мясново,1 СкШ 6 кВ
401,149,Мясново,9,25000,6,АО Тул. гор. электр. сети,Т-1,1 СкШ 6 кВ ПС Мясново,1 СкШ 6 кВ
402,149,Мясново,13,25000,6,Филиал ОАО ПК Балтика,Т-1,1 СкШ 6 кВ ПС Мясново,1 СкШ 6 кВ
403,149,Мясново,21,25000,6,ООО ТрубоПласт,Т-1,1 СкШ 6 кВ ПС Мясново,1 СкШ 6 кВ
404,149,Мясново,23,25000,6,ТДЭ МЖД (Тульская дистанция электроснабжения Московской железной дороги),Т-1,1 СкШ 6 кВ ПС Мясново,1 СкШ 6 кВ
405,149,Мясново,25,25000,6,ТДЭ МЖД (Тульская дистанция электроснабжения Московской железной дороги),Т-1,1 СкШ 6 кВ ПС Мясново,1 СкШ 6 кВ
406,149,Мясново,27,25000,6,АО Тул. гор. электр. сети,Т-1,1 СкШ 6 кВ ПС Мясново,1 СкШ 6 кВ
407,149,Мясново,29,25000,6,АО Тул. гор. электр. сети,Т-1,1 СкШ 6 кВ ПС Мясново,1 СкШ 6 кВ
408,149,Мясново,31,25000,6,Ленинский РЭС,Т-1,1 СкШ 6 кВ ПС Мясново,1 СкШ 6 кВ
409,149,Мясново,33,25000,6,ООО Альянс-Строй,Т-1,1 СкШ 6 кВ ПС Мясново,1 СкШ 6 кВ
410,149,Мясново,41,25000,10,АО Тул. гор. электр. сети,Т-1,1 СкШ 10 кВ ПС Мясново,1 СкШ 10 кВ
411,149,Мясново,43,25000,10,ООО  Октава,Т-1,1 СкШ 10 кВ ПС Мясново,1 СкШ 10 кВ
412,149,Мясново,49,25000,10,ООО Газпром энерго,Т-1,1 СкШ 10 кВ ПС Мясново,1 СкШ 10 кВ
413,149,Мясново,47,25000,10,Филиал ОАО ПК Балтика,Т-1,1 СкШ 10 кВ ПС Мясново,1 СкШ 10 кВ
414,149,Мясново,51,25000,10,"ООО ""Тульское обувное предприятие""",Т-1,1 СкШ 10 кВ ПС Мясново,1 СкШ 10 кВ
415,149,Мясново,53,25000,10,ОАО ТКФ Ясная поляна,Т-1,1 СкШ 10 кВ ПС Мясново,1 СкШ 10 кВ
416,149,Мясново,55,25000,10,ООО СПК Прайм,Т-1,1 СкШ 10 кВ ПС Мясново,1 СкШ 10 кВ
417,149,Мясново,20,25000,6,АО Тул. гор. электр. сети,Т-2,2 СкШ 6 кВ ПС Мясново,2 СкШ 6 кВ
418,149,Мясново,22,25000,6,АО Тул. гор. электр. сети,Т-2,2 СкШ 6 кВ ПС Мясново,2 СкШ 6 кВ
419,149,Мясново,24,25000,6,Ленинский РЭС,Т-2,2 СкШ 6 кВ ПС Мясново,2 СкШ 6 кВ
420,149,Мясново,26,25000,6,ООО ТрубоПласт,Т-2,2 СкШ 6 кВ ПС Мясново,2 СкШ 6 кВ
421,149,Мясново,28,25000,6,МКП Тулгорэлектротранс,Т-2,2 СкШ 6 кВ ПС Мясново,2 СкШ 6 кВ
422,149,Мясново,40,25000,10,ООО Газпром энерго,Т-2,2 СкШ 10 кВ ПС Мясново,2 СкШ 10 кВ
423,149,Мясново,42,25000,10,"ООО ""Тульское обувное предприятие""",Т-2,2 СкШ 10 кВ ПС Мясново,2 СкШ 10 кВ
424,149,Мясново,46,25000,10,АО Тул. гор. электр. сети,Т-2,2 СкШ 10 кВ ПС Мясново,2 СкШ 10 кВ
425,149,Мясново,48,25000,6,ООО  Октава,Т-2,2 СкШ 6 кВ ПС Мясново,2 СкШ 6 кВ
426,149,Мясново,52,25000,10,АО Тул. гор. электр. сети,Т-2,2 СкШ 10 кВ ПС Мясново,2 СкШ 10 кВ
427,149,Мясново,54,25000,10,ОАО ТКФ Ясная поляна,Т-2,2 СкШ 10 кВ ПС Мясново,2 СкШ 10 кВ
428,149,Мясново,56,25000,6,Филиал ОАО ПК Балтика,Т-2,2 СкШ 6 кВ ПС Мясново,2 СкШ 6 кВ
429,149,Мясново,2,25000,6,АО Тул. гор. электр. сети,Т-3,3 СкШ 6 кВ ПС Мясново,3 СкШ 6 кВ
430,149,Мясново,10,25000,6,АО Тул. гор. электр. сети,Т-3,3 СкШ 6 кВ ПС Мясново,3 СкШ 6 кВ
431,149,Мясново,16,25000,6,ООО Альянс-Строй,Т-3,3 СкШ 6 кВ ПС Мясново,3 СкШ 6 кВ
432,149,Мясново,18,25000,6,Филиал ОАО ПК Балтика,Т-3,3 СкШ 6 кВ ПС Мясново,3 СкШ 6 кВ
433,149,Мясново,65,25000,10,АО Тул. гор. электр. сети,Т-3,3 СкШ 10 кВ ПС Мясново,3 СкШ 10 кВ
434,155,Хрипково,1,2500,6,Ясногорский РЭС ,Т-1,1 СкШ 6 кВ ПС Хрипково,1 СкШ 6 кВ
435,155,Хрипково,4,2500,6,Алексинский РЭС,Т-1,1 СкШ 6 кВ ПС Хрипково,1 СкШ 6 кВ
436,155,Хрипково,Егнышовка,2500,6,Алексинский РЭС,Т-1,1 СкШ 6 кВ ПС Хрипково,1 СкШ 6 кВ
437,155,Хрипково,2,2500,10,Ясногорский РЭС ,Т-2,2 СкШ 10 кВ ПС Хрипково,2 СкШ 10 кВ
438,164,Электропривод,Жилпосёлок,63000,6,Ленинский РЭС,Т-1,1 СкШ 6 кВ ПС Электропривод,1 СкШ 6 кВ
439,164,Электропривод,2,63000,6,ЗАО Тулаэлектропривод,Т-1,1 СкШ 6 кВ ПС Электропривод,1 СкШ 6 кВ
440,164,Электропривод,3,63000,6,ЗАО Тулаэлектропривод,Т-1,1 СкШ 6 кВ ПС Электропривод,1 СкШ 6 кВ
441,164,Электропривод,6,63000,6,ЗАО Тулаэлектропривод,Т-1,1 СкШ 6 кВ ПС Электропривод,1 СкШ 6 кВ
442,164,Электропривод,13 (откл.),63000,6,ЗАО Тулаэлектропривод,Т-1,1 СкШ 6 кВ ПС Электропривод,1 СкШ 6 кВ
443,164,Электропривод,14,63000,6,МУП ЖКС МО РП Ленинский,Т-1,1 СкШ 6 кВ ПС Электропривод,1 СкШ 6 кВ
444,164,Электропривод,1,63000,6,ЗАО Тулаэлектропривод,Т-2,2 СкШ 6 кВ ПС Электропривод,2 СкШ 6 кВ
445,164,Электропривод,4,63000,6,ЗАО Тулаэлектропривод,Т-2,2 СкШ 6 кВ ПС Электропривод,2 СкШ 6 кВ
446,164,Электропривод,8,63000,6,МУП ЖКС МО РП Ленинский,Т-2,2 СкШ 6 кВ ПС Электропривод,2 СкШ 6 кВ
447,164,Электропривод,11,63000,6,ЗАО Тулаэлектропривод,Т-2,2 СкШ 6 кВ ПС Электропривод,2 СкШ 6 кВ
448,164,Электропривод,12,63000,6,ЗАО Тулаэлектропривод,Т-2,2 СкШ 6 кВ ПС Электропривод,2 СкШ 6 кВ
449,183,Пушкинская,1,25000,10,АО Алексинская электосетевая компания,Т-1,1 СкШ 10 кВ ПС Пушкинская,1 СкШ 10 кВ
450,183,Пушкинская,3,25000,10,АО Алексинская электосетевая компания,Т-1,1 СкШ 10 кВ ПС Пушкинская,1 СкШ 10 кВ
451,183,Пушкинская,5,25000,10,АО Алексинская электосетевая компания,Т-1,1 СкШ 10 кВ ПС Пушкинская,1 СкШ 10 кВ
452,183,Пушкинская,7,25000,10,АО Алексинская электосетевая компания,Т-1,1 СкШ 10 кВ ПС Пушкинская,1 СкШ 10 кВ
453,183,Пушкинская,9,25000,10,АО Алексинская электосетевая компания,Т-1,1 СкШ 10 кВ ПС Пушкинская,1 СкШ 10 кВ
454,183,Пушкинская,11,25000,10,АО Алексинская электосетевая компания,Т-1,1 СкШ 10 кВ ПС Пушкинская,1 СкШ 10 кВ
455,183,Пушкинская,13,25000,10,АО Алексинская электосетевая компания,Т-1,1 СкШ 10 кВ ПС Пушкинская,1 СкШ 10 кВ
456,183,Пушкинская,4,16000,10,АО Алексинская электосетевая компания,Т-2,2 СкШ 10 кВ ПС Пушкинская,2 СкШ 10 кВ
457,183,Пушкинская, 6,16000,10,АО Алексинская электосетевая компания,Т-2,2 СкШ 10 кВ ПС Пушкинская,2 СкШ 10 кВ
458,183,Пушкинская,8,16000,10,АО Алексинская электосетевая компания,Т-2,2 СкШ 10 кВ ПС Пушкинская,2 СкШ 10 кВ
459,183,Пушкинская,10,16000,10,АО Алексинская электосетевая компания,Т-2,2 СкШ 10 кВ ПС Пушкинская,2 СкШ 10 кВ
460,183,Пушкинская,12,16000,10,АО Алексинская электосетевая компания,Т-2,2 СкШ 10 кВ ПС Пушкинская,2 СкШ 10 кВ
461,183,Пушкинская,14,16000,10,АО Алексинская электосетевая компания,Т-2,2 СкШ 10 кВ ПС Пушкинская,2 СкШ 10 кВ
462,183,Пушкинская,16,16000,10,Алексинский РЭС,Т-2,2 СкШ 10 кВ ПС Пушкинская,2 СкШ 10 кВ
463,183,Пушкинская,18,16000,10,АО Алексинская электосетевая компания,Т-2,2 СкШ 10 кВ ПС Пушкинская,2 СкШ 10 кВ
464,183,Пушкинская,20,16000,10,АО Алексинская электосетевая компания,Т-2,2 СкШ 10 кВ ПС Пушкинская,2 СкШ 10 кВ
465,184,Малиновская,Карьер 1 (откл.),6300,6,ИП Брюзгина М.В.,Т-1,1 СкШ 6 кВ ПС Малиновская,1 СкШ 6 кВ
466,184,Малиновская,Дробление 1,6300,6,ИП Шембель А.А.,Т-1,1 СкШ 6 кВ ПС Малиновская,1 СкШ 6 кВ
467,184,Малиновская,Промывка 1 ,6300,6,ООО Малиновский ДСЗ,Т-1,1 СкШ 6 кВ ПС Малиновская,1 СкШ 6 кВ
468,184,Малиновская,Водозабор 1,6300,6,Ленинский РЭС,Т-1,1 СкШ 6 кВ ПС Малиновская,1 СкШ 6 кВ
469,184,Малиновская,ЖБИ 1,6300,6,"ООО ""Малиновский комбинат ЖБИ""",Т-1,1 СкШ 6 кВ ПС Малиновская,1 СкШ 6 кВ
470,184,Малиновская,Дорстрой 1 ,6300,6,ООО МСК Инвестстрой,Т-1,1 СкШ 6 кВ ПС Малиновская,1 СкШ 6 кВ
471,184,Малиновская,Полимер 1,6300,6,Ленинский РЭС,Т-1,1 СкШ 6 кВ ПС Малиновская,1 СкШ 6 кВ
472,184,Малиновская,Карьер 2,6300,6,ООО Малиновский ДСЗ,Т-2,2 СкШ 6 кВ ПС Малиновская,2 СкШ 6 кВ
473,184,Малиновская,Дробление 2 (откл.),6300,6,ООО Малиновский ДСЗ,Т-2,2 СкШ 6 кВ ПС Малиновская,2 СкШ 6 кВ
474,184,Малиновская,Промывка 2 (рез),6300,6,ООО Малиновский ДСЗ,Т-2,2 СкШ 6 кВ ПС Малиновская,2 СкШ 6 кВ
475,184,Малиновская,Водозабор 2,6300,6,Ленинский РЭС,Т-2,2 СкШ 6 кВ ПС Малиновская,2 СкШ 6 кВ
476,184,Малиновская,Поселок,6300,6,Ленинский РЭС,Т-2,2 СкШ 6 кВ ПС Малиновская,2 СкШ 6 кВ
477,184,Малиновская,ВПК (откл.),6300,6,ООО Восточно-пятницкий карьер,Т-2,2 СкШ 6 кВ ПС Малиновская,2 СкШ 6 кВ
478,184,Малиновская,Дорстрой 2 (откл.),6300,6,ООО МСК Инвестстрой,Т-2,2 СкШ 6 кВ ПС Малиновская,2 СкШ 6 кВ
479,184,Малиновская,ЖБИ 2 (откл.),6300,6,ООО МСК Инвестстрой,Т-2,2 СкШ 6 кВ ПС Малиновская,2 СкШ 6 кВ
480,184,Малиновская,Полимер 2,6300,6,Ленинский РЭС,Т-2,2 СкШ 6 кВ ПС Малиновская,2 СкШ 6 кВ
481,192,Алимкин,1,4000,6,Щекинский РЭС,Т-1,1 СкШ 6 кВ ПС Алимкин,1 СкШ 6 кВ
482,192,Алимкин,3 (откл.),4000,6,,Т-1,1 СкШ 6 кВ ПС Алимкин,1 СкШ 6 кВ
483,192,Алимкин,5,4000,6,Щекинский РЭС,Т-1,1 СкШ 6 кВ ПС Алимкин,1 СкШ 6 кВ
484,192,Алимкин,7,4000,6,Щекинский РЭС,Т-1,1 СкШ 6 кВ ПС Алимкин,1 СкШ 6 кВ
485,192,Алимкин,9,4000,6,Щекинский РЭС,Т-1,1 СкШ 6 кВ ПС Алимкин,1 СкШ 6 кВ
486,192,Алимкин,2,4000,6,Щекинский РЭС,Т-2,2 СкШ 6 кВ ПС Алимкин,2 СкШ 6 кВ
487,192,Алимкин,4,4000,6,Щекинский РЭС,Т-2,2 СкШ 6 кВ ПС Алимкин,2 СкШ 6 кВ
488,192,Алимкин,6,4000,6,Щекинский РЭС,Т-2,2 СкШ 6 кВ ПС Алимкин,2 СкШ 6 кВ
489,192,Алимкин,8,4000,6,Щекинский РЭС,Т-2,2 СкШ 6 кВ ПС Алимкин,2 СкШ 6 кВ
490,202,Пролетарская,1,25000,6,АО Тул. гор. электр. сети,Т-1,1 СкШ 6 кВ ПС Пролетарская,1 СкШ 6 кВ
491,202,Пролетарская,3,25000,6,АО Тул. гор. электр. сети,Т-1,1 СкШ 6 кВ ПС Пролетарская,1 СкШ 6 кВ
492,202,Пролетарская,5,25000,6,АО Тул. гор. электр. сети,Т-1,1 СкШ 6 кВ ПС Пролетарская,1 СкШ 6 кВ
493,202,Пролетарская,7,25000,6,МКП Тулгорэлектротранс,Т-1,1 СкШ 6 кВ ПС Пролетарская,1 СкШ 6 кВ
494,202,Пролетарская,9,25000,6,АО Тул. гор. электр. сети,Т-1,1 СкШ 6 кВ ПС Пролетарская,1 СкШ 6 кВ
495,202,Пролетарская,11 (откл.),25000,6,расторгнут договор от 26.05.15 г.,Т-1,1 СкШ 6 кВ ПС Пролетарская,1 СкШ 6 кВ
496,202,Пролетарская,13,25000,10,АО Тул. гор. электр. сети,Т-1,1 СкШ 10 кВ ПС Пролетарская,1 СкШ 10 кВ
497,202,Пролетарская,31,25000,10,АО Тул. гор. электр. сети,Т-1,1 СкШ 10 кВ ПС Пролетарская,1 СкШ 10 кВ
498,202,Пролетарская,33,25000,10,ООО Торговый дом Триада,Т-1,1 СкШ 10 кВ ПС Пролетарская,1 СкШ 10 кВ
499,202,Пролетарская,35,25000,10,АО Тул. гор. электр. сети,Т-1,1 СкШ 10 кВ ПС Пролетарская,1 СкШ 10 кВ
500,202,Пролетарская,37,25000,10,ООО Торг-Инвест,Т-1,1 СкШ 10 кВ ПС Пролетарская,1 СкШ 10 кВ
501,202,Пролетарская,39 (откл.),25000,10,,Т-1,1 СкШ 10 кВ ПС Пролетарская,1 СкШ 10 кВ
502,202,Пролетарская,41 (откл.),25000,10,,Т-1,1 СкШ 10 кВ ПС Пролетарская,1 СкШ 10 кВ
503,202,Пролетарская,43,25000,10,ИП Роздухов М.Е.,Т-1,1 СкШ 10 кВ ПС Пролетарская,1 СкШ 10 кВ
504,202,Пролетарская,2,25000,6,МКП Тулгорэлектротранс,Т-2,2 СкШ 6 кВ ПС Пролетарская,2 СкШ 6 кВ
505,202,Пролетарская,4,25000,6,АО Тул. гор. электр. сети,Т-2,2 СкШ 6 кВ ПС Пролетарская,2 СкШ 6 кВ
506,202,Пролетарская,6,25000,6,АО Тул. гор. электр. сети,Т-2,2 СкШ 6 кВ ПС Пролетарская,2 СкШ 6 кВ
507,202,Пролетарская,8,25000,6,АО Тул. гор. электр. сети,Т-2,2 СкШ 6 кВ ПС Пролетарская,2 СкШ 6 кВ
508,202,Пролетарская,10 (один из кабелей - ЛРЭС),25000,6,АО Тул. гор. электр. сети,Т-2,2 СкШ 6 кВ ПС Пролетарская,2 СкШ 6 кВ
509,202,Пролетарская,30,25000,10,АО Тул. гор. электр. сети,Т-2,2 СкШ 10 кВ ПС Пролетарская,2 СкШ 10 кВ
510,202,Пролетарская,32,25000,10,ООО Торговый дом Триада,Т-2,2 СкШ 10 кВ ПС Пролетарская,2 СкШ 10 кВ
511,202,Пролетарская,34,25000,10,АО Тул. гор. электр. сети,Т-2,2 СкШ 10 кВ ПС Пролетарская,2 СкШ 10 кВ
512,202,Пролетарская,36,25000,10,АО Тул. гор. электр. сети,Т-2,2 СкШ 10 кВ ПС Пролетарская,2 СкШ 10 кВ
513,202,Пролетарская,38 (откл.),25000,10,,Т-2,2 СкШ 10 кВ ПС Пролетарская,2 СкШ 10 кВ
514,202,Пролетарская,40,25000,10,ООО Торг-Инвест,Т-2,2 СкШ 10 кВ ПС Пролетарская,2 СкШ 10 кВ
515,202,Пролетарская,42 (откл.),25000,10,,Т-2,2 СкШ 10 кВ ПС Пролетарская,2 СкШ 10 кВ
516,202,Пролетарская,44,25000,10,ИП Роздухов М.Е.,Т-2,2 СкШ 10 кВ ПС Пролетарская,2 СкШ 10 кВ
517,212,Борисово,Богатьково,4000,10,Алексинский РЭС,Т-1,1 СкШ 10 кВ ПС Борисово,1 СкШ 10 кВ
518,212,Борисово,2,3200,10,Алексинский РЭС,Т-2,2 СкШ 10 кВ ПС Борисово,2 СкШ 10 кВ
519,212,Борисово,4,3200,10,Алексинский РЭС,Т-2,2 СкШ 10 кВ ПС Борисово,2 СкШ 10 кВ
520,212,Борисово,8,3200,10,Алексинский РЭС,Т-2,2 СкШ 10 кВ ПС Борисово,2 СкШ 10 кВ
521,212,Борисово,Лужки,3200,10,Алексинский РЭС,Т-2,2 СкШ 10 кВ ПС Борисово,2 СкШ 10 кВ
522,212,Борисово,Поповка,3200,10,Алексинский РЭС,Т-2,2 СкШ 10 кВ ПС Борисово,2 СкШ 10 кВ
523,213,Рождественская,1,16000,6,ООО 464 Комбинат нерудоископаемых,Т-1,1 СкШ 6 кВ ПС Рождественская,1 СкШ 6 кВ
524,213,Рождественская,5,16000,6,Ленинский РЭС,Т-1,1 СкШ 6 кВ ПС Рождественская,1 СкШ 6 кВ
525,213,Рождественская,7,16000,6,Ленинский РЭС,Т-1,1 СкШ 6 кВ ПС Рождественская,1 СкШ 6 кВ
526,213,Рождественская,9,16000,6,ОАО Тулагорводоканал,Т-1,1 СкШ 6 кВ ПС Рождественская,1 СкШ 6 кВ
527,213,Рождественская,2,16000,6,Ленинский РЭС,Т-2,2 СкШ 6 кВ ПС Рождественская,2 СкШ 6 кВ
528,213,Рождественская,4,16000,6,Ленинский РЭС,Т-2,2 СкШ 6 кВ ПС Рождественская,2 СкШ 6 кВ
529,213,Рождественская,6,16000,6,Ленинский РЭС,Т-2,2 СкШ 6 кВ ПС Рождественская,2 СкШ 6 кВ
530,213,Рождественская,8,16000,6,ОАО Тулагорводоканал,Т-2,2 СкШ 6 кВ ПС Рождественская,2 СкШ 6 кВ
531,213,Рождественская,10,16000,6,Ленинский РЭС,Т-2,2 СкШ 6 кВ ПС Рождественская,2 СкШ 6 кВ
532,213,Рождественская,12,16000,6,ЗАО Хомяковский хладокомбинат,Т-2,2 СкШ 6 кВ ПС Рождественская,2 СкШ 6 кВ
533,213,Рождественская,14,16000,6,"ООО НПО ""ТЗПА"" (Тульский завод промышленной арматуры)",Т-2,2 СкШ 6 кВ ПС Рождественская,2 СкШ 6 кВ
534,213,Рождественская,16 (откл.),16000,6,Ленинский РЭС,Т-2,2 СкШ 6 кВ ПС Рождественская,2 СкШ 6 кВ
535,213,Рождественская,18 (откл.),16000,6,ООО Барсуковское рудоуправление,Т-2,2 СкШ 6 кВ ПС Рождественская,2 СкШ 6 кВ
536,217,Алексеевская,1 (откл.),4000,10,Киреевский ГРЭС,Т-1,1 СкШ 10 кВ ПС Алексеевская,1 СкШ 10 кВ
537,217,Алексеевская,3 (откл.),4000,10,Тепло-Огаревский РЭС,Т-1,1 СкШ 10 кВ ПС Алексеевская,1 СкШ 10 кВ
538,217,Алексеевская,2 (откл.),4000,10,Киреевский ГРЭС,Т-1,1 СкШ 10 кВ ПС Алексеевская,1 СкШ 10 кВ
539,217,Алексеевская,4,4000,10,Киреевский ГРЭС,Т-1,1 СкШ 10 кВ ПС Алексеевская,1 СкШ 10 кВ
540,217,Алексеевская,5,4000,10,Киреевский ГРЭС,Т-1,1 СкШ 10 кВ ПС Алексеевская,1 СкШ 10 кВ
541,217,Алексеевская,16 Б Труново-Алексеевская,4000,10,Киреевский ГРЭС,Т-1,1 СкШ 10 кВ ПС Алексеевская,1 СкШ 10 кВ
542,218,Южная,,25000,10,3 СкШ 10 кВ,Т-1,1 СкШ 10 кВ ПС Южная,1 СкШ 10 кВ
543,218,Южная,1,25000,6,АО Тул. гор. электр. сети,Т-1,1 СкШ 6 кВ ПС Южная,1 СкШ 6 кВ
544,218,Южная,3,25000,6,МКП Тулгорэлектротранс,Т-1,1 СкШ 6 кВ ПС Южная,1 СкШ 6 кВ
545,218,Южная,5,25000,6,МКП Тулгорэлектротранс,Т-1,1 СкШ 6 кВ ПС Южная,1 СкШ 6 кВ
546,218,Южная,7,25000,6,АО Тульский завод РТИ,Т-1,1 СкШ 6 кВ ПС Южная,1 СкШ 6 кВ
547,218,Южная,9,25000,6,АО Тул. гор. электр. сети,Т-1,1 СкШ 6 кВ ПС Южная,1 СкШ 6 кВ
548,218,Южная,11,25000,6,АО Тул. гор. электр. сети,Т-1,1 СкШ 6 кВ ПС Южная,1 СкШ 6 кВ
549,218,Южная,13,25000,6,АО Тул. гор. электр. сети,Т-1,1 СкШ 6 кВ ПС Южная,1 СкШ 6 кВ
550,218,Южная,15,25000,6,ООО Рента Инвест,Т-1,1 СкШ 6 кВ ПС Южная,1 СкШ 6 кВ
551,218,Южная,17,25000,10,ИП Прокофьев К.А.,Т-1,1 СкШ 10 кВ ПС Южная,1 СкШ 10 кВ
552,218,Южная,19,25000,6,АО Тул. гор. электр. сети,Т-1,1 СкШ 6 кВ ПС Южная,1 СкШ 6 кВ
553,218,Южная,21,25000,10,АО Тул. гор. электр. сети,Т-1,1 СкШ 10 кВ ПС Южная,1 СкШ 10 кВ
554,218,Южная,23,25000,10,"ОАО ""НПО ""Сплав""",Т-1,1 СкШ 10 кВ ПС Южная,1 СкШ 10 кВ
555,218,Южная,27,25000,10,АО Тул. гор. электр. сети,Т-1,1 СкШ 10 кВ ПС Южная,1 СкШ 10 кВ
556,218,Южная,31,25000,10,ООО Тульский завод ЖБИ,Т-1,1 СкШ 10 кВ ПС Южная,1 СкШ 10 кВ
557,218,Южная,33 (откл.),25000,10,,Т-1,1 СкШ 10 кВ ПС Южная,1 СкШ 10 кВ
558,218,Южная,35,25000,10,"ОАО ""НПО""Сплав""",Т-1,1 СкШ 10 кВ ПС Южная,1 СкШ 10 кВ
559,218,Южная,37 (откл.),25000,10,,Т-1,1 СкШ 10 кВ ПС Южная,1 СкШ 10 кВ
560,218,Южная,39,25000,10,ОАО Тульское ОКБА,Т-1,1 СкШ 10 кВ ПС Южная,1 СкШ 10 кВ
561,218,Южная,Китаевка 1,25000,10,Тульский участок СПС УВС Тулэнерго,Т-1,1 СкШ 10 кВ ПС Южная,1 СкШ 10 кВ
562,218,Южная,РТИ,25000,10,АО Тульский завод РТИ,Т-1,1 СкШ 10 кВ ПС Южная,1 СкШ 10 кВ
563,218,Южная,,25000,10,VI СкШ 10 кВ,Т-2,2 СкШ 10 кВ ПС Южная,2 СкШ 10 кВ
564,218,Южная,,25000,10,,Т-2,2 СкШ 10 кВ ПС Южная,2 СкШ 10 кВ
565,218,Южная,2,25000,6,АО Тул. гор. электр. сети,Т-2,2 СкШ 6 кВ ПС Южная,2 СкШ 6 кВ
566,218,Южная,4,25000,6,АО Тул. гор. электр. сети,Т-2,2 СкШ 6 кВ ПС Южная,2 СкШ 6 кВ
567,218,Южная,6,25000,6,ООО Рента Инвест,Т-2,2 СкШ 6 кВ ПС Южная,2 СкШ 6 кВ
568,218,Южная,8,25000,6,МКП Тулгорэлектротранс,Т-2,2 СкШ 6 кВ ПС Южная,2 СкШ 6 кВ
569,218,Южная,10,25000,6,МКП Тулгорэлектротранс,Т-2,2 СкШ 6 кВ ПС Южная,2 СкШ 6 кВ
570,218,Южная,12,25000,6,АО Тульский завод РТИ,Т-2,2 СкШ 6 кВ ПС Южная,2 СкШ 6 кВ
571,218,Южная,14,25000,6,АО Тульский завод РТИ,Т-2,2 СкШ 6 кВ ПС Южная,2 СкШ 6 кВ
572,218,Южная,20,25000,10,АО Тул. гор. электр. сети,Т-2,2 СкШ 10 кВ ПС Южная,2 СкШ 10 кВ
573,218,Южная,22,25000,10,АО Тул. гор. электр. сети,Т-2,2 СкШ 10 кВ ПС Южная,2 СкШ 10 кВ
574,218,Южная,24,25000,10,ИП Прокофьев К.А.,Т-2,2 СкШ 10 кВ ПС Южная,2 СкШ 10 кВ
575,218,Южная,26,25000,10,АО Тул. гор. электр. сети,Т-2,2 СкШ 10 кВ ПС Южная,2 СкШ 10 кВ
576,218,Южная,30,25000,10,АО Тул. гор. электр. сети,Т-2,2 СкШ 10 кВ ПС Южная,2 СкШ 10 кВ
577,218,Южная,32,25000,10,АО Тул. гор. электр. сети,Т-2,2 СкШ 10 кВ ПС Южная,2 СкШ 10 кВ
578,218,Южная,34,25000,10,ООО Стройкомплект,Т-2,2 СкШ 10 кВ ПС Южная,2 СкШ 10 кВ
579,218,Южная,48 (откл.),25000,10,,Т-2,2 СкШ 10 кВ ПС Южная,2 СкШ 10 кВ
580,218,Южная,50,25000,10,АО Тул. гор. электр. сети,Т-2,2 СкШ 10 кВ ПС Южная,2 СкШ 10 кВ
581,218,Южная,52 (откл.),25000,10,,Т-2,2 СкШ 10 кВ ПС Южная,2 СкШ 10 кВ
582,218,Южная,54,25000,10,ООО Тульский завод ЖБИ,Т-2,2 СкШ 10 кВ ПС Южная,2 СкШ 10 кВ
583,218,Южная,Китаевка 2,25000,10,Тульский участок СПС УВС Тулэнерго,Т-2,2 СкШ 10 кВ ПС Южная,2 СкШ 10 кВ
584,218,Южная, 36,25000,10,"ОАО ""НПО""Сплав""",Т-3,3 СкШ 10 кВ ПС Южная,3 СкШ 10 кВ
585,218,Южная,38,25000,10,ОАО Тульское ОКБА,Т-3,3 СкШ 10 кВ ПС Южная,3 СкШ 10 кВ
586,218,Южная,40,25000,10,АО Тул. гор. электр. сети,Т-3,3 СкШ 10 кВ ПС Южная,3 СкШ 10 кВ
587,218,Южная,41,25000,10,OOO Стройкомплект,Т-3,3 СкШ 10 кВ ПС Южная,3 СкШ 10 кВ
588,218,Южная,42 (откл.),25000,10,,Т-3,3 СкШ 10 кВ ПС Южная,3 СкШ 10 кВ
589,218,Южная,43 (откл.),25000,10,,Т-3,3 СкШ 10 кВ ПС Южная,3 СкШ 10 кВ
590,218,Южная,44 (откл.),25000,10,АО Тул. гор. электр. сети,Т-3,3 СкШ 10 кВ ПС Южная,3 СкШ 10 кВ
591,218,Южная,45 (откл.),25000,10,,Т-3,3 СкШ 10 кВ ПС Южная,3 СкШ 10 кВ
592,218,Южная,46 (откл.),25000,10,,Т-3,3 СкШ 10 кВ ПС Южная,3 СкШ 10 кВ
593,218,Южная,47,25000,10,"ООО ""СК Фаворит""",Т-3,3 СкШ 10 кВ ПС Южная,3 СкШ 10 кВ
594,218,Южная,49 (откл.),25000,10,,Т-3,3 СкШ 10 кВ ПС Южная,3 СкШ 10 кВ
595,219,Центральная,,40000,10,,Т-1,1 СкШ 10 кВ ПС Центральная,1 СкШ 10 кВ
596,219,Центральная,1,40000,6,АО Тул. гор. электр. сети,Т-1,1 СкШ 6 кВ ПС Центральная,1 СкШ 6 кВ
597,219,Центральная,3,40000,6,МКП Тулгорэлектротранс,Т-1,1 СкШ 6 кВ ПС Центральная,1 СкШ 6 кВ
598,219,Центральная,5,40000,6,АО Тул. гор. электр. сети,Т-1,1 СкШ 6 кВ ПС Центральная,1 СкШ 6 кВ
599,219,Центральная,7,40000,6,АО Тул. гор. электр. сети,Т-1,1 СкШ 6 кВ ПС Центральная,1 СкШ 6 кВ
600,219,Центральная,9,40000,6,АО Тул. гор. электр. сети,Т-1,1 СкШ 6 кВ ПС Центральная,1 СкШ 6 кВ
601,219,Центральная,21,40000,10,АО Тул. гор. электр. сети,Т-1,1 СкШ 10 кВ ПС Центральная,1 СкШ 10 кВ
602,219,Центральная,23,40000,10,АО Тул. гор. электр. сети,Т-1,1 СкШ 10 кВ ПС Центральная,1 СкШ 10 кВ
603,219,Центральная,25,40000,10,"ООО ""Инд-Гарник""",Т-1,1 СкШ 10 кВ ПС Центральная,1 СкШ 10 кВ
604,219,Центральная,27 (откл),40000,10,,Т-1,1 СкШ 10 кВ ПС Центральная,1 СкШ 10 кВ
605,219,Центральная,29,40000,10,АО Тул. гор. электр. сети,Т-1,1 СкШ 10 кВ ПС Центральная,1 СкШ 10 кВ
606,219,Центральная,31,40000,10,ИП Роздухов М.Е.,Т-1,1 СкШ 10 кВ ПС Центральная,1 СкШ 10 кВ
607,219,Центральная,2,25000,6,МКП Тулгорэлектротранс,Т-2,2 СкШ 6 кВ ПС Центральная,2 СкШ 6 кВ
608,219,Центральная,4,25000,6,АО Тул. гор. электр. сети,Т-2,2 СкШ 6 кВ ПС Центральная,2 СкШ 6 кВ
609,219,Центральная,6,25000,6,ОАО Октава,Т-2,2 СкШ 6 кВ ПС Центральная,2 СкШ 6 кВ
610,219,Центральная,8,25000,6,АО Тул. гор. электр. сети,Т-2,2 СкШ 6 кВ ПС Центральная,2 СкШ 6 кВ
611,219,Центральная,10,25000,6,АО Тул. гор. электр. сети,Т-2,2 СкШ 6 кВ ПС Центральная,2 СкШ 6 кВ
612,219,Центральная,12,25000,6,АО Тул. гор. электр. сети,Т-2,2 СкШ 6 кВ ПС Центральная,2 СкШ 6 кВ
613,219,Центральная,14,25000,10,ОАО Октава,Т-2,2 СкШ 10 кВ ПС Центральная,2 СкШ 10 кВ
614,219,Центральная,16,25000,10,МКП Тулгорэлектротранс,Т-2,2 СкШ 10 кВ ПС Центральная,2 СкШ 10 кВ
615,219,Центральная,20,25000,10,АО Тул. гор. электр. сети,Т-2,2 СкШ 10 кВ ПС Центральная,2 СкШ 10 кВ
616,219,Центральная,22,25000,10,"ООО ""Инд-Гарник""",Т-2,2 СкШ 10 кВ ПС Центральная,2 СкШ 10 кВ
617,219,Центральная,24,25000,10,ИП Роздухов М.Е.,Т-2,2 СкШ 10 кВ ПС Центральная,2 СкШ 10 кВ
618,219,Центральная,26,25000,10,АО Тул. гор. электр. сети,Т-2,2 СкШ 10 кВ ПС Центральная,2 СкШ 10 кВ
619,219,Центральная,28,25000,10,АО Тул. гор. электр. сети,Т-2,2 СкШ 10 кВ ПС Центральная,2 СкШ 10 кВ
620,219,Центральная,30 (откл),25000,10,,Т-2,2 СкШ 10 кВ ПС Центральная,2 СкШ 10 кВ
621,219,Центральная,32 (откл),25000,10,,Т-2,2 СкШ 10 кВ ПС Центральная,2 СкШ 10 кВ
622,219,Центральная,34 (откл),25000,10,,Т-2,2 СкШ 10 кВ ПС Центральная,2 СкШ 10 кВ
623,220,Карамышево,1 (откл.),4000,6,ОАО Щекинская птицефабрика,Т-1,1 СкШ 6 кВ ПС Карамышево,1 СкШ 6 кВ
624,220,Карамышево,3 (откл.),4000,6,Щекинский РЭС,Т-1,1 СкШ 6 кВ ПС Карамышево,1 СкШ 6 кВ
625,220,Карамышево,5 (откл.),4000,6,ОАО Щекинская птицефабрика,Т-1,1 СкШ 6 кВ ПС Карамышево,1 СкШ 6 кВ
626,220,Карамышево,2,4000,6,Щекинский РЭС,Т-2,2 СкШ 6 кВ ПС Карамышево,2 СкШ 6 кВ
627,220,Карамышево,4,4000,6,Щекинский РЭС,Т-2,2 СкШ 6 кВ ПС Карамышево,2 СкШ 6 кВ
628,220,Карамышево,6 (откл.),4000,6,ОАО Щекинская птицефабрика,Т-2,2 СкШ 6 кВ ПС Карамышево,2 СкШ 6 кВ
629,220,Карамышево,8,4000,6,Щекинский РЭС,Т-2,2 СкШ 6 кВ ПС Карамышево,2 СкШ 6 кВ
630,239,Оленьково,Город 1 ,4000,10,Войсковая часть 56707,Т-1,1 СкШ 10 кВ ПС Оленьково,1 СкШ 10 кВ
631,239,Оленьково,Техзона 1 ,4000,10,Войсковая часть 56707,Т-1,1 СкШ 10 кВ ПС Оленьково,1 СкШ 10 кВ
632,239,Оленьково,Техзона 3 ,4000,10,Войсковая часть 56707,Т-1,1 СкШ 10 кВ ПС Оленьково,1 СкШ 10 кВ
633,239,Оленьково,Полюс 1,4000,10,Войсковая часть 56707,Т-1,1 СкШ 10 кВ ПС Оленьково,1 СкШ 10 кВ
634,239,Оленьково,Спицино,4000,10,Ясногорский РЭС ,Т-1,1 СкШ 10 кВ ПС Оленьково,1 СкШ 10 кВ
635,239,Оленьково,Город 2 ,4000,10,Войсковая часть 56707,Т-2,2 СкШ 10 кВ ПС Оленьково,2 СкШ 10 кВ
636,239,Оленьково,Город 3 ,4000,10,Войсковая часть 56707,Т-2,2 СкШ 10 кВ ПС Оленьково,2 СкШ 10 кВ
637,239,Оленьково,Техзона 2,4000,10,Войсковая часть 56707,Т-2,2 СкШ 10 кВ ПС Оленьково,2 СкШ 10 кВ
638,239,Оленьково,Техзона 4,4000,10,Войсковая часть 56707,Т-2,2 СкШ 10 кВ ПС Оленьково,2 СкШ 10 кВ
639,239,Оленьково,Полюс 2 ,4000,10,Войсковая часть 56707,Т-2,2 СкШ 10 кВ ПС Оленьково,2 СкШ 10 кВ
640,239,Оленьково,Оленьково,4000,10,Веневский РЭС ,Т-2,2 СкШ 10 кВ ПС Оленьково,2 СкШ 10 кВ
641,239,Оленьково,Сосновка,4000,10,Веневская РЭС ,Т-2,2 СкШ 10 кВ ПС Оленьково,2 СкШ 10 кВ
642,240,Красный Яр,,6300,10,,Т-1,1 СкШ 10 кВ ПС Красный Яр,1 СкШ 10 кВ
643,240,Красный Яр,2,6300,10,Киреевский ГРЭС,Т-1,1 СкШ 10 кВ ПС Красный Яр,1 СкШ 10 кВ
644,240,Красный Яр,11,6300,10,Киреевский ГРЭС,Т-1,1 СкШ 10 кВ ПС Красный Яр,1 СкШ 10 кВ
645,240,Красный Яр,13,6300,10,Киреевский ГРЭС,Т-1,1 СкШ 10 кВ ПС Красный Яр,1 СкШ 10 кВ
646,240,Красный Яр,15,6300,10,Киреевский ГРЭС,Т-1,1 СкШ 10 кВ ПС Красный Яр,1 СкШ 10 кВ
647,240,Красный Яр,17 (рез),6300,10,,Т-1,1 СкШ 10 кВ ПС Красный Яр,1 СкШ 10 кВ
648,240,Красный Яр,,6300,10,,Т-2,2 СкШ 10 кВ ПС Красный Яр,2 СкШ 10 кВ
649,240,Красный Яр,12,6300,10,Киреевский ГРЭС,Т-2,2 СкШ 10 кВ ПС Красный Яр,2 СкШ 10 кВ
650,240,Красный Яр,14,6300,10,Киреевский ГРЭС,Т-2,2 СкШ 10 кВ ПС Красный Яр,2 СкШ 10 кВ
651,240,Красный Яр,16,6300,10,Киреевский ГРЭС,Т-2,2 СкШ 10 кВ ПС Красный Яр,2 СкШ 10 кВ
652,240,Красный Яр,18,6300,10,Киреевский ГРЭС,Т-2,2 СкШ 10 кВ ПС Красный Яр,2 СкШ 10 кВ
653,241,Мыза,1,6300,6,ОАО Тулагорводоканал,Т-1,1 СкШ 6 кВ ПС Мыза,1 СкШ 6 кВ
654,241,Мыза,3,6300,6,Ленинский РЭС,Т-1,1 СкШ 6 кВ ПС Мыза,1 СкШ 6 кВ
655,241,Мыза,5,6300,6,Ленинский РЭС,Т-1,1 СкШ 6 кВ ПС Мыза,1 СкШ 6 кВ
656,241,Мыза,7,6300,6,ОАО Тулагорводоканал,Т-1,1 СкШ 6 кВ ПС Мыза,1 СкШ 6 кВ
657,241,Мыза,2,6300,6,ОАО Тулагорводоканал,Т-2,2 СкШ 6 кВ ПС Мыза,2 СкШ 6 кВ
658,241,Мыза,4,6300,6,Ленинский РЭС,Т-2,2 СкШ 6 кВ ПС Мыза,2 СкШ 6 кВ
659,241,Мыза,6,6300,6,"АО Птицефабрика ""Тульская""",Т-2,2 СкШ 6 кВ ПС Мыза,2 СкШ 6 кВ
660,241,Мыза,8,6300,6,Ленинский РЭС,Т-2,2 СкШ 6 кВ ПС Мыза,2 СкШ 6 кВ
661,243,Привокзальная,,40000,6,3 СкШ 10 кВ.,Т-1,1 СкШ 6 кВ ПС Привокзальная,1 СкШ 6 кВ
662,243,Привокзальная,1,40000,6,МКП Тулгорэлектротранс,Т-1,1 СкШ 6 кВ ПС Привокзальная,1 СкШ 6 кВ
663,243,Привокзальная,3,40000,6,ОАО Завод Тула,Т-1,1 СкШ 6 кВ ПС Привокзальная,1 СкШ 6 кВ
664,243,Привокзальная,5,40000,6,АО Тул. гор. электр. сети,Т-1,1 СкШ 6 кВ ПС Привокзальная,1 СкШ 6 кВ
665,243,Привокзальная,7,40000,6,МКП Тулгорэлектротранс,Т-1,1 СкШ 6 кВ ПС Привокзальная,1 СкШ 6 кВ
666,243,Привокзальная,9,40000,6,АО Тул. гор. электр. сети,Т-1,1 СкШ 6 кВ ПС Привокзальная,1 СкШ 6 кВ
667,243,Привокзальная,11,40000,10,ОАО Тулаточмаш,Т-1,1 СкШ 10 кВ ПС Привокзальная,1 СкШ 10 кВ
668,243,Привокзальная,13,40000,10,ОАО Тулаточмаш,Т-1,1 СкШ 10 кВ ПС Привокзальная,1 СкШ 10 кВ
669,243,Привокзальная,15,40000,6,АО Тул. гор. электр. сети,Т-1,1 СкШ 6 кВ ПС Привокзальная,1 СкШ 6 кВ
670,243,Привокзальная,17,40000,10,АО Тул. гор. электр. сети,Т-1,1 СкШ 10 кВ ПС Привокзальная,1 СкШ 10 кВ
671,243,Привокзальная,19,40000,10,АО Тул. гор. электр. сети,Т-1,1 СкШ 10 кВ ПС Привокзальная,1 СкШ 10 кВ
672,243,Привокзальная,21,40000,10,"ПАО ""НПО ""Стрела""",Т-1,1 СкШ 10 кВ ПС Привокзальная,1 СкШ 10 кВ
673,243,Привокзальная,23,40000,10,АО Тул. гор. электр. сети,Т-1,1 СкШ 10 кВ ПС Привокзальная,1 СкШ 10 кВ
674,243,Привокзальная,25,40000,10,АО Тул. гор. электр. сети,Т-1,1 СкШ 10 кВ ПС Привокзальная,1 СкШ 10 кВ
675,243,Привокзальная,27,40000,10,АО Тул. гор. электр. сети,Т-1,1 СкШ 10 кВ ПС Привокзальная,1 СкШ 10 кВ
676,243,Привокзальная,29,40000,10,АО Тулажелдормаш,Т-1,1 СкШ 10 кВ ПС Привокзальная,1 СкШ 10 кВ
677,243,Привокзальная,31,40000,10,ОАО ТОФ Заря,Т-1,1 СкШ 10 кВ ПС Привокзальная,1 СкШ 10 кВ
678,243,Привокзальная,33,40000,10,АО Тул. гор. электр. сети,Т-1,1 СкШ 10 кВ ПС Привокзальная,1 СкШ 10 кВ
679,243,Привокзальная,35,40000,10,ООО Квант,Т-1,1 СкШ 10 кВ ПС Привокзальная,1 СкШ 10 кВ
680,243,Привокзальная,37 (откл.),40000,10,,Т-1,1 СкШ 10 кВ ПС Привокзальная,1 СкШ 10 кВ
681,243,Привокзальная,39,40000,10,"ООО ""Специальный застройщик ВАЛЛ""",Т-1,1 СкШ 10 кВ ПС Привокзальная,1 СкШ 10 кВ
682,243,Привокзальная,41 (откл.),40000,10,,Т-1,1 СкШ 10 кВ ПС Привокзальная,1 СкШ 10 кВ
683,243,Привокзальная,43 (откл.),40000,10,,Т-1,1 СкШ 10 кВ ПС Привокзальная,1 СкШ 10 кВ
684,243,Привокзальная,45 (откл.),40000,10,,Т-1,1 СкШ 10 кВ ПС Привокзальная,1 СкШ 10 кВ
685,243,Привокзальная,47 (откл.),40000,10,,Т-1,1 СкШ 10 кВ ПС Привокзальная,1 СкШ 10 кВ
686,243,Привокзальная,49 (откл.),40000,10,,Т-1,1 СкШ 10 кВ ПС Привокзальная,1 СкШ 10 кВ
687,243,Привокзальная,Центр,40000,10,АО Тул. гор. электр. сети,Т-1,1 СкШ 10 кВ ПС Привокзальная,1 СкШ 10 кВ
688,243,Привокзальная,,40000,10,4 СкШ  10 кВ.,Т-2,2 СкШ 10 кВ ПС Привокзальная,2 СкШ 10 кВ
689,243,Привокзальная,2,40000,6,АО Тул. гор. электр. сети,Т-2,2 СкШ 6 кВ ПС Привокзальная,2 СкШ 6 кВ
690,243,Привокзальная,4,40000,6,АО Тул. гор. электр. сети,Т-2,2 СкШ 6 кВ ПС Привокзальная,2 СкШ 6 кВ
691,243,Привокзальная,6,40000,6,АО Тул. гор. электр. сети,Т-2,2 СкШ 6 кВ ПС Привокзальная,2 СкШ 6 кВ
692,243,Привокзальная,8,40000,6,ОАО  Завод Тула,Т-2,2 СкШ 6 кВ ПС Привокзальная,2 СкШ 6 кВ
693,243,Привокзальная,10,40000,6,МКП Тулгорэлектротранс,Т-2,2 СкШ 6 кВ ПС Привокзальная,2 СкШ 6 кВ
694,243,Привокзальная,12,40000,6,АО Тул. гор. электр. сети,Т-2,2 СкШ 6 кВ ПС Привокзальная,2 СкШ 6 кВ
695,243,Привокзальная,20,40000,6,АО Тулажелдормаш,Т-2,2 СкШ 6 кВ ПС Привокзальная,2 СкШ 6 кВ
696,243,Привокзальная,22,40000,6,ООО Деловой Стиль для деловых  людей,Т-2,2 СкШ 6 кВ ПС Привокзальная,2 СкШ 6 кВ
697,243,Привокзальная,24,40000,6,"ПАО ""НПО ""Стрела""",Т-2,2 СкШ 6 кВ ПС Привокзальная,2 СкШ 6 кВ
698,243,Привокзальная,26,40000,6,АО Тул. гор. электр. сети,Т-2,2 СкШ 6 кВ ПС Привокзальная,2 СкШ 6 кВ
699,243,Привокзальная,28,40000,6,АО Тул. гор. электр. сети,Т-2,2 СкШ 6 кВ ПС Привокзальная,2 СкШ 6 кВ
700,243,Привокзальная,30,40000,6,ОАО ТОФ Заря,Т-2,2 СкШ 6 кВ ПС Привокзальная,2 СкШ 6 кВ
701,243,Привокзальная,32,40000,6,"ООО ""Специальный застройщик ВАЛЛ""",Т-2,2 СкШ 6 кВ ПС Привокзальная,2 СкШ 6 кВ
702,243,Привокзальная,34,40000,6,ООО Мясновский авторынок,Т-2,2 СкШ 6 кВ ПС Привокзальная,2 СкШ 6 кВ
703,243,Привокзальная,36,40000,10,АО Тул. гор. электр. сети,Т-2,2 СкШ 10 кВ ПС Привокзальная,2 СкШ 10 кВ
704,243,Привокзальная,38,40000,10,ООО Квант,Т-2,2 СкШ 10 кВ ПС Привокзальная,2 СкШ 10 кВ
705,243,Привокзальная,40 (откл.),40000,10,,Т-2,2 СкШ 10 кВ ПС Привокзальная,2 СкШ 10 кВ
706,243,Привокзальная,42 (откл.),40000,10,                                             ,Т-2,2 СкШ 10 кВ ПС Привокзальная,2 СкШ 10 кВ
707,243,Привокзальная,44 (откл.),40000,10,,Т-2,2 СкШ 10 кВ ПС Привокзальная,2 СкШ 10 кВ
708,243,Привокзальная,46 (откл.),40000,10,,Т-2,2 СкШ 10 кВ ПС Привокзальная,2 СкШ 10 кВ
709,243,Привокзальная,48 (откл.),40000,10,,Т-2,2 СкШ 10 кВ ПС Привокзальная,2 СкШ 10 кВ
710,243,Привокзальная,50 (откл.),40000,10,,Т-2,2 СкШ 10 кВ ПС Привокзальная,2 СкШ 10 кВ
711,243,Привокзальная,52 (откл.),40000,10,,Т-2,2 СкШ 10 кВ ПС Привокзальная,2 СкШ 10 кВ
712,254,Шатск,1 (откл.),15000,6,,Т-1,1 СкШ 6 кВ ПС Шатск,1 СкШ 6 кВ
713,254,Шатск,3 (откл.),15000,6,,Т-1,1 СкШ 6 кВ ПС Шатск,1 СкШ 6 кВ
714,254,Шатск,5 (откл.),15000,6,,Т-1,1 СкШ 6 кВ ПС Шатск,1 СкШ 6 кВ
715,254,Шатск,7 (откл.),15000,6,,Т-1,1 СкШ 6 кВ ПС Шатск,1 СкШ 6 кВ
716,254,Шатск,Завод 1,15000,6,гр. Морозов А.В.,Т-1,1 СкШ 6 кВ ПС Шатск,1 СкШ 6 кВ
717,254,Шатск,2 (откл.),10000,6,,Т-2,2 СкШ 6 кВ ПС Шатск,2 СкШ 6 кВ
718,254,Шатск,4 (откл.),10000,6,,Т-2,2 СкШ 6 кВ ПС Шатск,2 СкШ 6 кВ
719,254,Шатск,6 (откл.),10000,6,,Т-2,2 СкШ 6 кВ ПС Шатск,2 СкШ 6 кВ
720,254,Шатск,8 (откл.),10000,6,,Т-2,2 СкШ 6 кВ ПС Шатск,2 СкШ 6 кВ
721,254,Шатск,Завод 2,10000,6,гр. Морозов А.В.,Т-2,2 СкШ 6 кВ ПС Шатск,2 СкШ 6 кВ
722,262,Дмитриевская,1,4000,10,Ясногорский РЭС ,Т-1,1 СкШ 10 кВ ПС Дмитриевская,1 СкШ 10 кВ
723,262,Дмитриевская,3,4000,10,Ясногорский РЭС ,Т-1,1 СкШ 10 кВ ПС Дмитриевская,1 СкШ 10 кВ
724,262,Дмитриевская,5,4000,10,Ясногорский РЭС ,Т-1,1 СкШ 10 кВ ПС Дмитриевская,1 СкШ 10 кВ
725,262,Дмитриевская,7,4000,10,Ясногорский РЭС ,Т-1,1 СкШ 10 кВ ПС Дмитриевская,1 СкШ 10 кВ
726,262,Дмитриевская,9 (откл.),4000,10,,Т-1,1 СкШ 10 кВ ПС Дмитриевская,1 СкШ 10 кВ
727,262,Дмитриевская,2,4000,10,Ясногорский РЭС ,Т-2,2 СкШ 10 кВ ПС Дмитриевская,2 СкШ 10 кВ
728,262,Дмитриевская,6 (откл.),4000,10,,Т-2,2 СкШ 10 кВ ПС Дмитриевская,2 СкШ 10 кВ
729,262,Дмитриевская,Русь,4000,10,КФХ Русь,Т-2,2 СкШ 10 кВ ПС Дмитриевская,2 СкШ 10 кВ
730,278,Алешня,1,16000,10,Ленинский РЭС,Т-1,1 СкШ 10 кВ ПС Алешня,1 СкШ 10 кВ
731,278,Алешня,3,16000,10,Ленинский РЭС,Т-1,1 СкШ 10 кВ ПС Алешня,1 СкШ 10 кВ
732,278,Алешня,5,16000,10,Ленинский РЭС,Т-1,1 СкШ 10 кВ ПС Алешня,1 СкШ 10 кВ
733,278,Алешня,9,16000,10,Ленинский РЭС,Т-1,1 СкШ 10 кВ ПС Алешня,1 СкШ 10 кВ
734,278,Алешня,11,16000,10,Ленинский РЭС,Т-1,1 СкШ 10 кВ ПС Алешня,1 СкШ 10 кВ
735,278,Алешня,Краснобор-1,16000,10,ЗАО Краснобор,Т-1,1 СкШ 10 кВ ПС Алешня,1 СкШ 10 кВ
736,278,Алешня,2 (откл.),16000,10,,Т-2,2 СкШ 10 кВ ПС Алешня,2 СкШ 10 кВ
737,278,Алешня,Краснобор-2,16000,10,ЗАО Краснобор,Т-2,2 СкШ 10 кВ ПС Алешня,2 СкШ 10 кВ
738,278,Алешня,4,16000,10,Ленинский РЭС,Т-2,2 СкШ 10 кВ ПС Алешня,2 СкШ 10 кВ
739,278,Алешня,6,16000,10,Ленинский РЭС,Т-2,2 СкШ 10 кВ ПС Алешня,2 СкШ 10 кВ
740,278,Алешня,8,16000,10,ОАО Дорснаб,Т-2,2 СкШ 10 кВ ПС Алешня,2 СкШ 10 кВ
741,278,Алешня,10,16000,10,Ленинский РЭС,Т-2,2 СкШ 10 кВ ПС Алешня,2 СкШ 10 кВ
742,279,Гайково,1,6300,10,Щекинский РЭС,Т-1,1 СкШ 10 кВ ПС Гайково,1 СкШ 10 кВ
743,279,Гайково,3,6300,10,Щекинский РЭС,Т-1,1 СкШ 10 кВ ПС Гайково,1 СкШ 10 кВ
744,279,Гайково,5,6300,10,Щекинский РЭС,Т-1,1 СкШ 10 кВ ПС Гайково,1 СкШ 10 кВ
745,279,Гайково,7,6300,10,Щекинский РЭС,Т-1,1 СкШ 10 кВ ПС Гайково,1 СкШ 10 кВ
746,279,Гайково,9,6300,10,Щекинский РЭС,Т-1,1 СкШ 10 кВ ПС Гайково,1 СкШ 10 кВ
747,279,Гайково,11 (откл.),6300,10,Щекинский РЭС,Т-1,1 СкШ 10 кВ ПС Гайково,1 СкШ 10 кВ
748,279,Гайково,13,6300,10,Щекинский РЭС,Т-1,1 СкШ 10 кВ ПС Гайково,1 СкШ 10 кВ
749,279,Гайково,15,6300,10,Щекинский РЭС,Т-1,1 СкШ 10 кВ ПС Гайково,1 СкШ 10 кВ
750,279,Гайково,2,10000,10,Щекинский РЭС,Т-2,2 СкШ 10 кВ ПС Гайково,2 СкШ 10 кВ
751,279,Гайково,4,10000,10,Щекинский РЭС,Т-2,2 СкШ 10 кВ ПС Гайково,2 СкШ 10 кВ
752,279,Гайково,6,10000,10,Щекинский РЭС,Т-2,2 СкШ 10 кВ ПС Гайково,2 СкШ 10 кВ
753,279,Гайково,8,10000,10,Щекинский РЭС,Т-2,2 СкШ 10 кВ ПС Гайково,2 СкШ 10 кВ
754,279,Гайково,10 (откл.),10000,10,Щекинский РЭС,Т-2,2 СкШ 10 кВ ПС Гайково,2 СкШ 10 кВ
755,279,Гайково,12 (откл.),10000,10,Щекинский РЭС,Т-2,2 СкШ 10 кВ ПС Гайково,2 СкШ 10 кВ
756,279,Гайково,14,10000,10,Щекинский РЭС,Т-2,2 СкШ 10 кВ ПС Гайково,2 СкШ 10 кВ
757,279,Гайково,16 (откл.),10000,10,Щекинский РЭС,Т-2,2 СкШ 10 кВ ПС Гайково,2 СкШ 10 кВ
758,281,Варфоломеево,1 (откл.),4000,10,,Т-1,1 СкШ 10 кВ ПС Варфоломеево,1 СкШ 10 кВ
759,281,Варфоломеево,3,4000,10,Ленинский РЭС,Т-1,1 СкШ 10 кВ ПС Варфоломеево,1 СкШ 10 кВ
760,281,Варфоломеево,5,4000,10,ОАО Тулагорводоканал,Т-1,1 СкШ 10 кВ ПС Варфоломеево,1 СкШ 10 кВ
761,281,Варфоломеево,7 (откл.),4000,10,,Т-1,1 СкШ 10 кВ ПС Варфоломеево,1 СкШ 10 кВ
762,281,Варфоломеево,2 (откл.),2500,10,,Т-2,2 СкШ 10 кВ ПС Варфоломеево,2 СкШ 10 кВ
763,281,Варфоломеево,4,2500,10,Ленинский РЭС,Т-2,2 СкШ 10 кВ ПС Варфоломеево,2 СкШ 10 кВ
764,281,Варфоломеево,8,2500,10,Ленинский РЭС,Т-2,2 СкШ 10 кВ ПС Варфоломеево,2 СкШ 10 кВ
765,281,Варфоломеево,6,2500,10,ОАО Тулагорводоканал,Т-2,2 СкШ 10 кВ ПС Варфоломеево,2 СкШ 10 кВ
766,287,Ботня,1,2500,6,Алексинский РЭС,Т-1,1 СкШ 6 кВ ПС Ботня,1 СкШ 6 кВ
767,287,Ботня,3,2500,6,Алексинский РЭС,Т-1,1 СкШ 6 кВ ПС Ботня,1 СкШ 6 кВ
768,287,Ботня,5,2500,6,Алексинский РЭС,Т-1,1 СкШ 6 кВ ПС Ботня,1 СкШ 6 кВ
769,287,Ботня,7,2500,6,Алексинский РЭС,Т-1,1 СкШ 6 кВ ПС Ботня,1 СкШ 6 кВ
770,287,Ботня,9,2500,6,Алексинский РЭС,Т-1,1 СкШ 6 кВ ПС Ботня,1 СкШ 6 кВ
771,295,Калмыки,1 (резерв),2500,10,Киреевский ГРЭС,Т-1,1 СкШ 10 кВ ПС Калмыки,1 СкШ 10 кВ
772,295,Калмыки,5,2500,10,Киреевский ГРЭС,Т-1,1 СкШ 10 кВ ПС Калмыки,1 СкШ 10 кВ
773,295,Калмыки,7,2500,10,Киреевский ГРЭС,Т-1,1 СкШ 10 кВ ПС Калмыки,1 СкШ 10 кВ
774,295,Калмыки,9,2500,10,ЗАО Туластройматериалы Болоховский кирпичный завод,Т-1,1 СкШ 10 кВ ПС Калмыки,1 СкШ 10 кВ
775,295,Калмыки,11,2500,10,Киреевский ГРЭС,Т-1,1 СкШ 10 кВ ПС Калмыки,1 СкШ 10 кВ
776,295,Калмыки,2,4000,10,Киреевский ГРЭС,Т-2,2 СкШ 10 кВ ПС Калмыки,2 СкШ 10 кВ
777,295,Калмыки,4,4000,10,Киреевский ГРЭС,Т-2,2 СкШ 10 кВ ПС Калмыки,2 СкШ 10 кВ
778,296,Зыбино,1,4000,10,Ясногорский РЭC,Т-1,1 СкШ 10 кВ ПС Зыбино,1 СкШ 10 кВ
779,296,Зыбино,3,4000,10,Ясногорский РЭC,Т-1,1 СкШ 10 кВ ПС Зыбино,1 СкШ 10 кВ
780,296,Зыбино,5,4000,10,Ясногорский РЭC,Т-1,1 СкШ 10 кВ ПС Зыбино,1 СкШ 10 кВ
781,296,Зыбино,7,4000,10,Ясногорский РЭC,Т-1,1 СкШ 10 кВ ПС Зыбино,1 СкШ 10 кВ
782,296,Зыбино,2 (откл.),4000,10,Ясногорский РЭC,Т-2,2 СкШ 10 кВ ПС Зыбино,2 СкШ 10 кВ
783,296,Зыбино,4,4000,10,Ясногорский РЭC,Т-2,2 СкШ 10 кВ ПС Зыбино,2 СкШ 10 кВ
784,296,Зыбино,6,4000,10,Ясногорский РЭC,Т-2,2 СкШ 10 кВ ПС Зыбино,2 СкШ 10 кВ
785,296,Зыбино,8,4000,10,Ясногорский РЭC,Т-2,2 СкШ 10 кВ ПС Зыбино,2 СкШ 10 кВ
786,302,Рассвет,1,16000,10,Ленинский РЭС,Т-1,1 СкШ 10 кВ ПС Рассвет,1 СкШ 10 кВ
787,302,Рассвет,3,16000,10,Ленинский РЭС,Т-1,1 СкШ 10 кВ ПС Рассвет,1 СкШ 10 кВ
788,302,Рассвет,5,16000,10,Ленинский РЭС,Т-1,1 СкШ 10 кВ ПС Рассвет,1 СкШ 10 кВ
789,302,Рассвет,7 (откл.),16000,10,Ленинский РЭС,Т-1,1 СкШ 10 кВ ПС Рассвет,1 СкШ 10 кВ
790,302,Рассвет,9,16000,10,Ленинский РЭС,Т-1,1 СкШ 10 кВ ПС Рассвет,1 СкШ 10 кВ
791,302,Рассвет,11,16000,10,Ленинский РЭС,Т-1,1 СкШ 10 кВ ПС Рассвет,1 СкШ 10 кВ
792,302,Рассвет,13,16000,10,Ленинский РЭС,Т-1,1 СкШ 10 кВ ПС Рассвет,1 СкШ 10 кВ
793,302,Рассвет,15,16000,10,Ленинский РЭС,Т-1,1 СкШ 10 кВ ПС Рассвет,1 СкШ 10 кВ
794,302,Рассвет,2,16000,10,Ленинский РЭС,Т-2,2 СкШ 10 кВ ПС Рассвет,2 СкШ 10 кВ
795,302,Рассвет,4,16000,10,Ленинский РЭС,Т-2,2 СкШ 10 кВ ПС Рассвет,2 СкШ 10 кВ
796,302,Рассвет,6,16000,10,Ленинский РЭС,Т-2,2 СкШ 10 кВ ПС Рассвет,2 СкШ 10 кВ
797,302,Рассвет,8,16000,10,Ленинский РЭС,Т-2,2 СкШ 10 кВ ПС Рассвет,2 СкШ 10 кВ
798,302,Рассвет,10 (откл.),16000,10,Ленинский РЭС,Т-2,2 СкШ 10 кВ ПС Рассвет,2 СкШ 10 кВ
799,302,Рассвет,12,16000,10,Ленинский РЭС,Т-2,2 СкШ 10 кВ ПС Рассвет,2 СкШ 10 кВ
800,302,Рассвет,14,16000,10,Ленинский РЭС,Т-2,2 СкШ 10 кВ ПС Рассвет,2 СкШ 10 кВ
801,302,Рассвет,16 (откл.),16000,10,Ленинский РЭС,Т-2,2 СкШ 10 кВ ПС Рассвет,2 СкШ 10 кВ
802,302,Рассвет,18,16000,10,Ленинский РЭС,Т-2,2 СкШ 10 кВ ПС Рассвет,2 СкШ 10 кВ
803,302,Рассвет,20 (откл.),16000,10,Ленинский РЭС,Т-2,2 СкШ 10 кВ ПС Рассвет,2 СкШ 10 кВ
804,303,Авангард,1,10000,10,Алексинский РЭС,Т-1,1 СкШ 10 кВ ПС Авангард,1 СкШ 10 кВ
805,303,Авангард,3,10000,10,Алексинский РЭС,Т-1,1 СкШ 10 кВ ПС Авангард,1 СкШ 10 кВ
806,303,Авангард,5,10000,10,Алексинский РЭС,Т-1,1 СкШ 10 кВ ПС Авангард,1 СкШ 10 кВ
807,303,Авангард,2,10000,10,Алексинский РЭС,Т-2,2 СкШ 10 кВ ПС Авангард,2 СкШ 10 кВ
808,303,Авангард,4 (откл.),10000,10,,Т-2,2 СкШ 10 кВ ПС Авангард,2 СкШ 10 кВ
809,304,Глушанки,1,16000,10,АО Тул. гор. электр. сети,Т-1,1 СкШ 10 кВ ПС Глушанки,1 СкШ 10 кВ
810,304,Глушанки,3,16000,10,ООО Юриск,Т-1,1 СкШ 10 кВ ПС Глушанки,1 СкШ 10 кВ
811,304,Глушанки,7,16000,10,АО Тул. гор. электр. сети,Т-1,1 СкШ 10 кВ ПС Глушанки,1 СкШ 10 кВ
812,304,Глушанки,11,16000,10,АО Тул. гор. электр. сети,Т-1,1 СкШ 10 кВ ПС Глушанки,1 СкШ 10 кВ
813,304,Глушанки,13,16000,10,Ленинский РЭС,Т-1,1 СкШ 10 кВ ПС Глушанки,1 СкШ 10 кВ
814,304,Глушанки,15,16000,10,АО Тул. гор. электр. сети,Т-1,1 СкШ 10 кВ ПС Глушанки,1 СкШ 10 кВ
815,304,Глушанки,2,10000,10,АО Тул. гор. электр. сети,Т-2,2 СкШ 10 кВ ПС Глушанки,2 СкШ 10 кВ
816,304,Глушанки,4,10000,10,АО Тул. гор. электр. сети,Т-2,2 СкШ 10 кВ ПС Глушанки,2 СкШ 10 кВ
817,304,Глушанки,6,10000,10,ООО Юриск,Т-2,2 СкШ 10 кВ ПС Глушанки,2 СкШ 10 кВ
818,304,Глушанки,8,10000,10,АО Тул. гор. электр. сети,Т-2,2 СкШ 10 кВ ПС Глушанки,2 СкШ 10 кВ
819,304,Глушанки,10,10000,10,АО Тул. гор. электр. сети,Т-2,2 СкШ 10 кВ ПС Глушанки,2 СкШ 10 кВ
820,304,Глушанки,12,10000,10,Ленинский РЭС,Т-2,2 СкШ 10 кВ ПС Глушанки,2 СкШ 10 кВ
821,306,Тесницкая,3 (откл.),6300,6,Ленинский РЭС,Т-1,1 СкШ 6 кВ ПС Тесницкая,1 СкШ 6 кВ
822,306,Тесницкая,5 (откл.),6300,6,,Т-1,1 СкШ 6 кВ ПС Тесницкая,1 СкШ 6 кВ
823,306,Тесницкая,9 (откл.),6300,6,,Т-1,1 СкШ 6 кВ ПС Тесницкая,1 СкШ 6 кВ
824,306,Тесницкая,7,6300,6,Ленинский РЭС,Т-1,1 СкШ 6 кВ ПС Тесницкая,1 СкШ 6 кВ
825,306,Тесницкая,2,4000,6,Ленинский РЭС,Т-2,2 СкШ 6 кВ ПС Тесницкая,2 СкШ 6 кВ
826,306,Тесницкая,4,4000,6,Ленинский РЭС,Т-2,2 СкШ 6 кВ ПС Тесницкая,2 СкШ 6 кВ
827,306,Тесницкая,6,4000,6,Ленинский РЭС,Т-2,2 СкШ 6 кВ ПС Тесницкая,2 СкШ 6 кВ
828,307,Плотина,1,2500,10,Киреевский ГРЭС,Т-1,1 СкШ 10 кВ ПС Плотина,1 СкШ 10 кВ
829,307,Плотина,5,2500,10,Киреевский ГРЭС,Т-1,1 СкШ 10 кВ ПС Плотина,1 СкШ 10 кВ
830,307,Плотина,7,2500,10,Щекинский РЭС,Т-1,1 СкШ 10 кВ ПС Плотина,1 СкШ 10 кВ
831,321,Заокская,3,16000,10,Ясногорский РЭС ,Т-1,1 СкШ 10 кВ ПС Заокская,1 СкШ 10 кВ
832,321,Заокская,5,16000,10,Ясногорский РЭС ,Т-1,1 СкШ 10 кВ ПС Заокская,1 СкШ 10 кВ
833,321,Заокская,7,16000,10,Ясногорский РЭС ,Т-1,1 СкШ 10 кВ ПС Заокская,1 СкШ 10 кВ
834,321,Заокская,9,16000,10,Ясногорский РЭС ,Т-1,1 СкШ 10 кВ ПС Заокская,1 СкШ 10 кВ
835,321,Заокская,11,16000,10,Ясногорский РЭС ,Т-1,1 СкШ 10 кВ ПС Заокская,1 СкШ 10 кВ
836,321,Заокская,13,16000,10,ООО Феба,Т-1,1 СкШ 10 кВ ПС Заокская,1 СкШ 10 кВ
837,321,Заокская,15,16000,10,Ясногорский РЭС ,Т-1,1 СкШ 10 кВ ПС Заокская,1 СкШ 10 кВ
838,321,Заокская,2 (откл.),16000,10,Ясногорский РЭС ,Т-2,2 СкШ 10 кВ ПС Заокская,2 СкШ 10 кВ
839,321,Заокская,4,16000,10,Ясногорский РЭС ,Т-2,2 СкШ 10 кВ ПС Заокская,2 СкШ 10 кВ
840,321,Заокская,6,16000,10,Ясногорский РЭС ,Т-2,2 СкШ 10 кВ ПС Заокская,2 СкШ 10 кВ
841,321,Заокская,8,16000,10,Ясногорский РЭС ,Т-2,2 СкШ 10 кВ ПС Заокская,2 СкШ 10 кВ
842,322,Яковлево,1,10000,10,Ясногорский РЭС ,Т-1,1 СкШ 10 кВ ПС Яковлево,1 СкШ 10 кВ
843,322,Яковлево,5,10000,10,Ясногорский РЭС ,Т-1,1 СкШ 10 кВ ПС Яковлево,1 СкШ 10 кВ
844,322,Яковлево,7,10000,10,Ясногорский РЭС ,Т-1,1 СкШ 10 кВ ПС Яковлево,1 СкШ 10 кВ
845,322,Яковлево, 9 (откл.),10000,10,Ясногорский РЭС ,Т-1,1 СкШ 10 кВ ПС Яковлево,1 СкШ 10 кВ
846,322,Яковлево,11,10000,10,Ясногорский РЭС ,Т-1,1 СкШ 10 кВ ПС Яковлево,1 СкШ 10 кВ
847,322,Яковлево,13,10000,10,Ясногорский РЭС ,Т-1,1 СкШ 10 кВ ПС Яковлево,1 СкШ 10 кВ
848,322,Яковлево,15,10000,10,Ясногорский РЭС ,Т-1,1 СкШ 10 кВ ПС Яковлево,1 СкШ 10 кВ
849,322,Яковлево,17,10000,10,Ясногорский РЭС ,Т-1,1 СкШ 10 кВ ПС Яковлево,1 СкШ 10 кВ
850,322,Яковлево,19 (откл.),10000,10,,Т-1,1 СкШ 10 кВ ПС Яковлево,1 СкШ 10 кВ
851,322,Яковлево,2,10000,10,Ясногорский РЭС ,Т-2,2 СкШ 10 кВ ПС Яковлево,2 СкШ 10 кВ
852,322,Яковлево,4,10000,10,Ясногорский РЭС ,Т-2,2 СкШ 10 кВ ПС Яковлево,2 СкШ 10 кВ
853,322,Яковлево,6 ,10000,10,Ясногорский РЭС ,Т-2,2 СкШ 10 кВ ПС Яковлево,2 СкШ 10 кВ
854,322,Яковлево,8,10000,10,Ясногорский РЭС ,Т-2,2 СкШ 10 кВ ПС Яковлево,2 СкШ 10 кВ
855,322,Яковлево,10,10000,10,Ясногорский РЭС ,Т-2,2 СкШ 10 кВ ПС Яковлево,2 СкШ 10 кВ
856,322,Яковлево,12 (откл.),10000,10,Серпуховской РЭС Подольские ЭС Мосэнерго,Т-2,2 СкШ 10 кВ ПС Яковлево,2 СкШ 10 кВ
857,322,Яковлево,14,10000,10,Ясногорский РЭС ,Т-2,2 СкШ 10 кВ ПС Яковлево,2 СкШ 10 кВ
858,322,Яковлево,16,10000,10,Ясногорский РЭС ,Т-2,2 СкШ 10 кВ ПС Яковлево,2 СкШ 10 кВ
859,322,Яковлево,18,10000,10,Ясногорский РЭС ,Т-2,2 СкШ 10 кВ ПС Яковлево,2 СкШ 10 кВ
860,322,Яковлево,20 (откл.),10000,10,Дирекция СУ 866 Магистральдорстрой,Т-2,2 СкШ 10 кВ ПС Яковлево,2 СкШ 10 кВ
861,322,Яковлево,22,10000,10,ПиК современные технологии,Т-2,2 СкШ 10 кВ ПС Яковлево,2 СкШ 10 кВ
862,322,Яковлево,24 (откл.),10000,10,Ясногорский РЭС ,Т-2,2 СкШ 10 кВ ПС Яковлево,2 СкШ 10 кВ
863,344,Средняя,1,16000,6,Алексинский РЭС,Т-1,1 СкШ 6 кВ ПС Средняя,1 СкШ 6 кВ
864,344,Средняя,5,16000,6,Путевая машинная станция №55 (РЖД),Т-1,1 СкШ 6 кВ ПС Средняя,1 СкШ 6 кВ
865,344,Средняя,7,16000,6,Алексинский РЭС,Т-1,1 СкШ 6 кВ ПС Средняя,1 СкШ 6 кВ
866,344,Средняя,9,16000,6,ЗАО Стеклозаводы,Т-1,1 СкШ 6 кВ ПС Средняя,1 СкШ 6 кВ
867,344,Средняя,11,16000,6,ЗАО Стеклозаводы,Т-1,1 СкШ 6 кВ ПС Средняя,1 СкШ 6 кВ
868,344,Средняя,2,10000,6,ЗАО Туластройматериалы Алексинский кирпичный завод,Т-2,2 СкШ 6 кВ ПС Средняя,2 СкШ 6 кВ
869,344,Средняя,4,10000,6,Алексинский РЭС,Т-2,2 СкШ 6 кВ ПС Средняя,2 СкШ 6 кВ
870,344,Средняя,6 (рез. ТСН-1 ПС Шипово),10000,6,Алексинский РЭС,Т-2,2 СкШ 6 кВ ПС Средняя,2 СкШ 6 кВ
871,344,Средняя,8,10000,6,ЗАО Стеклозаводы,Т-2,2 СкШ 6 кВ ПС Средняя,2 СкШ 6 кВ
872,344,Средняя,10,10000,6,ЗАО Стеклозаводы,Т-2,2 СкШ 6 кВ ПС Средняя,2 СкШ 6 кВ
873,345,Санталово,Интеркрос-1,6300,6,ООО Интеркрос Центр,Т-1,1 СкШ 6 кВ ПС Санталово,1 СкШ 6 кВ
874,345,Санталово,2,6300,6,Ясногорский РЭС,Т-1,1 СкШ 6 кВ ПС Санталово,1 СкШ 6 кВ
875,345,Санталово,3,6300,6,Ясногорский РЭС,Т-1,1 СкШ 6 кВ ПС Санталово,1 СкШ 6 кВ
876,345,Санталово,5,6300,6,Ясногорский РЭС,Т-1,1 СкШ 6 кВ ПС Санталово,1 СкШ 6 кВ
877,345,Санталово,9,6300,6,Ясногорский РЭС,Т-1,1 СкШ 6 кВ ПС Санталово,1 СкШ 6 кВ
878,345,Санталово,11,6300,6,Ясногорский РЭС,Т-1,1 СкШ 6 кВ ПС Санталово,1 СкШ 6 кВ
879,345,Санталово,4,6300,6,Ясногорский РЭС,Т-2,2 СкШ 6 кВ ПС Санталово,2 СкШ 6 кВ
880,345,Санталово,Интеркрос-2,6300,6,ООО Интеркрос Центр,Т-2,2 СкШ 6 кВ ПС Санталово,2 СкШ 6 кВ
881,363,Временная,1,6300,6,гр. РФ Нефёдов А.А.,Т-1,1 СкШ 6 кВ ПС Временная,1 СкШ 6 кВ
882,363,Временная,2,6300,6,гр. РФ Нефёдов А.А.,Т-1,1 СкШ 6 кВ ПС Временная,1 СкШ 6 кВ
883,363,Временная,3 (откл.),6300,6,ОАО Подзембургаз,Т-1,1 СкШ 6 кВ ПС Временная,1 СкШ 6 кВ
884,363,Временная,4,6300,6,гражданин Рожков И.М.,Т-1,1 СкШ 6 кВ ПС Временная,1 СкШ 6 кВ
885,363,Временная,5,6300,6,Киреевские ГРЭС,Т-1,1 СкШ 6 кВ ПС Временная,1 СкШ 6 кВ
886,369,Непрейка,1,4000,6,ОАО Тулагорводоканал,Т-1,1 СкШ 6 кВ ПС Непрейка,1 СкШ 6 кВ
887,369,Непрейка,Беликово,4000,6,Ленинский РЭС,Т-1,1 СкШ 6 кВ ПС Непрейка,1 СкШ 6 кВ
888,369,Непрейка,5,4000,6,Ленинский РЭС,Т-1,1 СкШ 6 кВ ПС Непрейка,1 СкШ 6 кВ
889,369,Непрейка,7,4000,6,Ленинский РЭС,Т-1,1 СкШ 6 кВ ПС Непрейка,1 СкШ 6 кВ
890,369,Непрейка,8,4000,6,ОАО Тулагорводоканал,Т-2,2 СкШ 6 кВ ПС Непрейка,2 СкШ 6 кВ
891,369,Непрейка,Коптево,4000,6,Ленинский РЭС,Т-2,2 СкШ 6 кВ ПС Непрейка,2 СкШ 6 кВ
892,369,Непрейка,Зайцево,4000,6,Ленинский РЭС,Т-2,2 СкШ 6 кВ ПС Непрейка,2 СкШ 6 кВ
893,369,Непрейка,Пятницкое,4000,6,Ленинский РЭС,Т-2,2 СкШ 6 кВ ПС Непрейка,2 СкШ 6 кВ
894,370,Тулица,1,25000,6,АО Тул. гор. электр. сети,Т-1,1 СкШ 6 кВ ПС Тулица,1 СкШ 6 кВ
895,370,Тулица,3,25000,6,АО Тул. гор. электр. сети,Т-1,1 СкШ 6 кВ ПС Тулица,1 СкШ 6 кВ
896,370,Тулица,5,25000,6,ЗАО Инвестицион-строит.компания,Т-1,1 СкШ 6 кВ ПС Тулица,1 СкШ 6 кВ
897,370,Тулица,7,25000,6,МКП Тулгорэлектротранс,Т-1,1 СкШ 6 кВ ПС Тулица,1 СкШ 6 кВ
898,370,Тулица,11,25000,6,ООО Строй-Дом-Сервис,Т-1,1 СкШ 6 кВ ПС Тулица,1 СкШ 6 кВ
899,370,Тулица,13,25000,6,ОАО Оборонэнерго,Т-1,1 СкШ 6 кВ ПС Тулица,1 СкШ 6 кВ
900,370,Тулица,15,25000,6,АО Тул. гор. электр. сети,Т-1,1 СкШ 6 кВ ПС Тулица,1 СкШ 6 кВ
901,370,Тулица,33,25000,10,"ПАО ""НПО ""Стрела""",Т-1,1 СкШ 10 кВ ПС Тулица,1 СкШ 10 кВ
902,370,Тулица,37,25000,10,ЗАО Спецтрансмонолит,Т-1,1 СкШ 10 кВ ПС Тулица,1 СкШ 10 кВ
903,370,Тулица,35 (откл.),25000,10,ООО Компания БЕСТ ОЙЛ,Т-1,1 СкШ 10 кВ ПС Тулица,1 СкШ 10 кВ
904,370,Тулица,39,25000,10,АО Тул. гор. электр. сети,Т-1,1 СкШ 10 кВ ПС Тулица,1 СкШ 10 кВ
905,370,Тулица,41,25000,10,ООО Энерго-Сеть,Т-1,1 СкШ 10 кВ ПС Тулица,1 СкШ 10 кВ
906,370,Тулица,2,25000,6,АО Тул. гор. электр. сети,Т-2,2 СкШ 6 кВ ПС Тулица,2 СкШ 6 кВ
907,370,Тулица,4,25000,6,АО Тул. гор. электр. сети,Т-2,2 СкШ 6 кВ ПС Тулица,2 СкШ 6 кВ
908,370,Тулица,6,25000,6,АО Тул. гор. электр. сети,Т-2,2 СкШ 6 кВ ПС Тулица,2 СкШ 6 кВ
909,370,Тулица,8,25000,6,ООО Строй-Дом-Сервис,Т-2,2 СкШ 6 кВ ПС Тулица,2 СкШ 6 кВ
910,370,Тулица,10,25000,6,АО Тул. гор. электр. сети,Т-2,2 СкШ 6 кВ ПС Тулица,2 СкШ 6 кВ
911,370,Тулица,12,25000,6,ОАО Оборонэнерго,Т-2,2 СкШ 6 кВ ПС Тулица,2 СкШ 6 кВ
912,370,Тулица,30,25000,10,АО Тул. гор. электр. сети,Т-2,2 СкШ 10 кВ ПС Тулица,2 СкШ 10 кВ
913,370,Тулица,32 (откл.),25000,10,ООО Компания БЕСТ ОЙЛ,Т-2,2 СкШ 10 кВ ПС Тулица,2 СкШ 10 кВ
914,370,Тулица,34,25000,10,АО Тул. гор. электр. сети,Т-2,2 СкШ 10 кВ ПС Тулица,2 СкШ 10 кВ
915,370,Тулица,36,25000,10,ООО Опора Инжиниринг,Т-2,2 СкШ 10 кВ ПС Тулица,2 СкШ 10 кВ
916,370,Тулица,38,25000,10,"ПАО ""НПО ""Стрела""",Т-2,2 СкШ 10 кВ ПС Тулица,2 СкШ 10 кВ
917,370,Тулица,40 (откл.),25000,10,ООО Энерго-Сеть,Т-2,2 СкШ 10 кВ ПС Тулица,2 СкШ 10 кВ
918,371,Никулинская,Суходол 1 ,25000,10,ТДЭ МЖД (Тульская дистанция электроснабжения Московской железной дороги),Т-1,1 СкШ 10 кВ ПС Никулинская,1 СкШ 10 кВ
919,371,Никулинская,Стройинвест,25000,10,ООО Эксподрев,Т-1,1 СкШ 10 кВ ПС Никулинская,1 СкШ 10 кВ
920,371,Никулинская,9 ПС Гурово (откл.),25000,10,Алексинский РЭС,Т-1,1 СкШ 10 кВ ПС Никулинская,1 СкШ 10 кВ
921,371,Никулинская,Ник-универсал,25000,10,ООО Ник-Универсал,Т-1,1 СкШ 10 кВ ПС Никулинская,1 СкШ 10 кВ
922,371,Никулинская,Форест Гран 1,25000,10,ООО Эксподрев,Т-1,1 СкШ 10 кВ ПС Никулинская,1 СкШ 10 кВ
923,371,Никулинская,Тяжпром 1,25000,10,АО НПО Тяжпромарматура,Т-1,1 СкШ 10 кВ ПС Никулинская,1 СкШ 10 кВ
924,371,Никулинская,НОК (откл.),25000,10,ООО Никулинский строительный камень,Т-2,2 СкШ 10 кВ ПС Никулинская,2 СкШ 10 кВ
925,371,Никулинская,Суходол 2 (откл.),25000,10,ТДЭ МЖД (Тульская дистанция электроснабжения Московской железной дороги),Т-2,2 СкШ 10 кВ ПС Никулинская,2 СкШ 10 кВ
926,371,Никулинская,7,25000,10,АО НПО Тяжпромарматура,Т-2,2 СкШ 10 кВ ПС Никулинская,2 СкШ 10 кВ
927,371,Никулинская,Тяжпром 2,25000,10,АО НПО Тяжпромарматура,Т-2,2 СкШ 10 кВ ПС Никулинская,2 СкШ 10 кВ
928,371,Никулинская,Форест Гран,25000,10,ООО Эксподрев,Т-2,2 СкШ 10 кВ ПС Никулинская,2 СкШ 10 кВ
929,371,Никулинская,Форест Гран 2,25000,10,ООО Эксподрев,Т-2,2 СкШ 10 кВ ПС Никулинская,2 СкШ 10 кВ
930,378,Гагаринская,3,25000,6,ОАО Щекинская городская электросеть,Т-1,1 СкШ 6 кВ ПС Гагаринская,1 СкШ 6 кВ
931,378,Гагаринская,5,25000,6,АО Газстройдеталь (парк-отель Грумант),Т-1,1 СкШ 6 кВ ПС Гагаринская,1 СкШ 6 кВ
932,378,Гагаринская,7,25000,6,ОАО Щекинская городская электросеть,Т-1,1 СкШ 6 кВ ПС Гагаринская,1 СкШ 6 кВ
933,378,Гагаринская,9,25000,6,ОАО Щекинская городская электросеть,Т-1,1 СкШ 6 кВ ПС Гагаринская,1 СкШ 6 кВ
934,378,Гагаринская,11,25000,6,"филиал ОАО ""Газэнергосервис - завод ""РТО""",Т-1,1 СкШ 6 кВ ПС Гагаринская,1 СкШ 6 кВ
935,378,Гагаринская,13 (откл.),25000,6,ООО Мострансгаз ,Т-1,1 СкШ 6 кВ ПС Гагаринская,1 СкШ 6 кВ
936,378,Гагаринская,2,16000,6,АО Газстройдеталь (парк-отель Грумант),Т-2,2 СкШ 6 кВ ПС Гагаринская,2 СкШ 6 кВ
937,378,Гагаринская,4,16000,6,ОАО Щекинская городская электросеть,Т-2,2 СкШ 6 кВ ПС Гагаринская,2 СкШ 6 кВ
938,378,Гагаринская,8,16000,6,Щекинский РЭС,Т-2,2 СкШ 6 кВ ПС Гагаринская,2 СкШ 6 кВ
939,381,Ненашево,3 (откл.),4000,10,,Т-1,1 СкШ 10 кВ ПС Ненашево,1 СкШ 10 кВ
940,381,Ненашево,5,4000,10,Ясногорский РЭС,Т-1,1 СкШ 10 кВ ПС Ненашево,1 СкШ 10 кВ
941,381,Ненашево,7,4000,10,Ясногорский РЭС,Т-1,1 СкШ 10 кВ ПС Ненашево,1 СкШ 10 кВ
942,381,Ненашево,1,10000,10,Ясногорский РЭС,Т-2,2 СкШ 10 кВ ПС Ненашево,2 СкШ 10 кВ
943,381,Ненашево,2 (откл.),10000,10,,Т-2,2 СкШ 10 кВ ПС Ненашево,2 СкШ 10 кВ
944,381,Ненашево,6,10000,10,Ясногорский РЭС,Т-2,2 СкШ 10 кВ ПС Ненашево,2 СкШ 10 кВ
945,381,Ненашево,9,10000,10,Ясногорский РЭС,Т-2,2 СкШ 10 кВ ПС Ненашево,2 СкШ 10 кВ
946,381,Ненашево,10 (откл.),10000,10,,Т-2,2 СкШ 10 кВ ПС Ненашево,2 СкШ 10 кВ
947,384,Советская,КВОиТ 1,16000,6,ПАО Щекинский завод КВОиТ,Т-1,1 СкШ 6 кВ ПС Советская,1 СкШ 6 кВ
948,384,Советская,Город 1,16000,6,Щекинский РЭС,Т-1,1 СкШ 6 кВ ПС Советская,1 СкШ 6 кВ
949,384,Советская,Теплицы 1,16000,6,Щекинский РЭС,Т-1,1 СкШ 6 кВ ПС Советская,1 СкШ 6 кВ
950,384,Советская,.Город 3,16000,6,Щекинский РЭС,Т-1,1 СкШ 6 кВ ПС Советская,1 СкШ 6 кВ
951,384,Советская,ВОХР,10000,6,Щекинский РЭС,Т-2,2 СкШ 6 кВ ПС Советская,2 СкШ 6 кВ
952,384,Советская,ТМиК,10000,6,ООО Меркурий(Энергозащита),Т-2,2 СкШ 6 кВ ПС Советская,2 СкШ 6 кВ
953,384,Советская,Теплицы 2,10000,6,Щекинский РЭС,Т-2,2 СкШ 6 кВ ПС Советская,2 СкШ 6 кВ
954,384,Советская,Город 2,10000,6,Щекинский РЭС,Т-2,2 СкШ 6 кВ ПС Советская,2 СкШ 6 кВ
955,384,Советская,КВОиТ 2,10000,6,ПАО Щекинский завод КВОиТ,Т-2,2 СкШ 6 кВ ПС Советская,2 СкШ 6 кВ
956,384,Советская,Очистные 2,10000,6,Щекинский РЭС,Т-2,2 СкШ 6 кВ ПС Советская,2 СкШ 6 кВ
957,385,Обидимо,7,16000,6,"ООО ""Браер II""",Т-1,1 СкШ 6 кВ ПС Обидимо,1 СкШ 6 кВ
958,385,Обидимо,13,16000,6,Ленинский РЭС,Т-1,1 СкШ 6 кВ ПС Обидимо,1 СкШ 6 кВ
959,385,Обидимо,2,7500,6,Кирпичный завод БРАЕР,Т-2,2 СкШ 6 кВ ПС Обидимо,2 СкШ 6 кВ
960,385,Обидимо,6,7500,6,Кирпичный завод БРАЕР,Т-2,2 СкШ 6 кВ ПС Обидимо,2 СкШ 6 кВ
961,385,Обидимо,8 (рез.ТСН ПС 29),7500,6,Ленинский РЭС,Т-2,2 СкШ 6 кВ ПС Обидимо,2 СкШ 6 кВ
962,385,Обидимо,Сельэлектро 3 ПС Барсуки (откл.),7500,6,Ленинский РЭС,Т-2,2 СкШ 6 кВ ПС Обидимо,2 СкШ 6 кВ
963,385,Обидимо,12,7500,6,Ленинский РЭС,Т-2,2 СкШ 6 кВ ПС Обидимо,2 СкШ 6 кВ
964,386,Мелиоративная,1,10000,6,Ленинский РЭС,Т-1,1 СкШ 6 кВ ПС Мелиоративная,1 СкШ 6 кВ
965,386,Мелиоративная,2,10000,6,Ленинский РЭС,Т-1,1 СкШ 6 кВ ПС Мелиоративная,1 СкШ 6 кВ
966,386,Мелиоративная,3,10000,6,ООО Машпром (Гидроарматура),Т-1,1 СкШ 6 кВ ПС Мелиоративная,1 СкШ 6 кВ
967,386,Мелиоративная,4,10000,6,Ленинский РЭС,Т-1,1 СкШ 6 кВ ПС Мелиоративная,1 СкШ 6 кВ
968,386,Мелиоративная,5 (откл.),10000,6,ООО Машпром (Гидроарматура),Т-1,1 СкШ 6 кВ ПС Мелиоративная,1 СкШ 6 кВ
969,386,Мелиоративная,6,10000,6,ООО ЛВК,Т-1,1 СкШ 6 кВ ПС Мелиоративная,1 СкШ 6 кВ
970,386,Мелиоративная,8,10000,6,гр.Чукина  Л.Я.,Т-1,1 СкШ 6 кВ ПС Мелиоративная,1 СкШ 6 кВ
971,386,Мелиоративная,10,10000,6,ООО  Оптима,Т-1,1 СкШ 6 кВ ПС Мелиоративная,1 СкШ 6 кВ
972,404,Ратово,1,10000,6,"ООО ИПСК ""ТЭСК""",Т-1,1 СкШ 6 кВ ПС Ратово,1 СкШ 6 кВ
973,404,Ратово,3,10000,6,Ленинский РЭС,Т-1,1 СкШ 6 кВ ПС Ратово,1 СкШ 6 кВ
974,404,Ратово,5,10000,6,ОАО Тулагорводоканал,Т-1,1 СкШ 6 кВ ПС Ратово,1 СкШ 6 кВ
975,404,Ратово,7,10000,6,Ленинский РЭС,Т-1,1 СкШ 6 кВ ПС Ратово,1 СкШ 6 кВ
976,404,Ратово,6,10000,6,ОАО Тулагорводоканал,Т-2,2 СкШ 6 кВ ПС Ратово,2 СкШ 6 кВ
977,406,Крушма,2,6300,10,Алексинский РЭС,Т-2,2 СкШ 10 кВ ПС Крушма,2 СкШ 10 кВ
978,406,Крушма,4,6300,10,ОАО Тулагорводоканал,Т-2,2 СкШ 10 кВ ПС Крушма,2 СкШ 10 кВ
979,406,Крушма,6,6300,10,ОАО Тулагорводоканал,Т-2,2 СкШ 10 кВ ПС Крушма,2 СкШ 10 кВ
980,407,Глебово,1,6300,10,ОАО Тулагорводоканал,Т-1,1 СкШ 10 кВ ПС Глебово,1 СкШ 10 кВ
981,407,Глебово,3,6300,10,ОАО Тулагорводоканал,Т-1,1 СкШ 10 кВ ПС Глебово,1 СкШ 10 кВ
982,433,Стечкин,3,40000,10,ООО Ин-Групп,Т-1,1 СкШ 10 кВ ПС Стечкин,1 СкШ 10 кВ
983,433,Стечкин,5,40000,10,ООО Ин-Групп,Т-1,1 СкШ 10 кВ ПС Стечкин,1 СкШ 10 кВ
984,433,Стечкин,7,40000,10,гр. Козлов К.Ю.,Т-1,1 СкШ 10 кВ ПС Стечкин,1 СкШ 10 кВ
985,433,Стечкин,9,40000,10,ООО Матч Поинт,Т-1,1 СкШ 10 кВ ПС Стечкин,1 СкШ 10 кВ
986,433,Стечкин,11,40000,10,"ООО ""ТранзитЭнерго""",Т-1,1 СкШ 10 кВ ПС Стечкин,1 СкШ 10 кВ
987,433,Стечкин,21,40000,10,ООО ПКФ Альтаир (Промстройдеталь),Т-1,1 СкШ 10 кВ ПС Стечкин,1 СкШ 10 кВ
988,433,Стечкин,23,40000,10,АО Тул. гор. электр. сети,Т-1,1 СкШ 10 кВ ПС Стечкин,1 СкШ 10 кВ
989,433,Стечкин,27,40000,10,Ленинский РЭС,Т-1,1 СкШ 10 кВ ПС Стечкин,1 СкШ 10 кВ
990,433,Стечкин,25,40000,10,ООО Гиперглобус,Т-1,1 СкШ 10 кВ ПС Стечкин,1 СкШ 10 кВ
991,433,Стечкин,2,40000,10,ООО Ин-Групп,Т-2,2 СкШ 10 кВ ПС Стечкин,2 СкШ 10 кВ
992,433,Стечкин,6,40000,10,ООО Ин-Групп,Т-2,2 СкШ 10 кВ ПС Стечкин,2 СкШ 10 кВ
993,433,Стечкин,8,40000,10,ООО Матч Поинт,Т-2,2 СкШ 10 кВ ПС Стечкин,2 СкШ 10 кВ
994,433,Стечкин,20,40000,10,ООО ПКФ Альтаир (Промстройдеталь),Т-2,2 СкШ 10 кВ ПС Стечкин,2 СкШ 10 кВ
995,433,Стечкин,22,40000,10,ООО Гиперглобус,Т-2,2 СкШ 10 кВ ПС Стечкин,2 СкШ 10 кВ
996,433,Стечкин,28,40000,10,АО Тул. гор. электр. сети,Т-2,2 СкШ 10 кВ ПС Стечкин,2 СкШ 10 кВ
997,433,Стечкин,30,40000,10,"ООО ""ТранзитЭнерго""",Т-2,2 СкШ 10 кВ ПС Стечкин,2 СкШ 10 кВ
998,433,Стечкин,Малёвка,40000,10,Ленинский РЭС,Т-2,2 СкШ 10 кВ ПС Стечкин,2 СкШ 10 кВ
999,999,РП Китаевка,104,6300,10,"ООО ""Жилстрой""",Т-2,2 СкШ 10 кВ ПС РП Китаевка,2 СкШ 10 кВ
1000,999,РП Китаевка,303,6300,10,"ООО ""Жилстрой""",Т-2,2 СкШ 10 кВ ПС РП Китаевка,2 СкШ 10 кВ
